reader,book_name,path_audio,source_audio_sha256
Владимир Самойлов,на суд зрителей,data/raw_audio_data/Владимир Самойлов/на суд зрителей,aa3b03a2b92b8bc5c7e59cbd64cf38c95e8c9976e37b5371e9418705e86b89c9
Николай Козий,уродливый мальчуган,data/raw_audio_data/Николай Козий/уродливый мальчуган,6017d3f3f114555463830d5d06349c08e58366388698f6b702b502b0a245a99e
Юрий Заборовский,вниз по шоссейной,data/raw_audio_data/Юрий Заборовский/вниз по шоссейной,6725f92673b7e56e0a153182adf77bea8cdca34929dc27dc5794fb88bab710f4
Николай Козий,мёртвое прошлое,data/raw_audio_data/Николай Козий/мёртвое прошлое,3c450dd9808ba1b54fad0bc117bd1fe5e203f18642cbdfb09ff0f5662dbf02e9
Вячеслав Герасимов,поцелуй ангела,data/raw_audio_data/Вячеслав Герасимов/поцелуй ангела,0eb53c31537809d525c4af7f3e8a590249f7609b5a311724db30897017ce34c7
Юрий Заборовский,большие гонки,data/raw_audio_data/Юрий Заборовский/большие гонки,c6dbdad3ca115f667f28cc61da120e5a1d14cc99b3f517c626d68f7dbb386374
Александр Клюквин,убийство в «восточном экспрессе»,data/raw_audio_data/Евгений Терновский/убийство в «восточном экспрессе»,c102987ea404ef97321fefdc0512021f31c44a3547277c620332cce2ab4429a3
Евгений Терновский,убийство в «восточном экспрессе»,data/raw_audio_data/Евгений Терновский/убийство в «восточном экспрессе»,c102987ea404ef97321fefdc0512021f31c44a3547277c620332cce2ab4429a3
Евгений Терновский,последний человек из атлантиды,data/raw_audio_data/Евгений Терновский/последний человек из атлантиды,60d8e45f296f20977a327cda5f2c8c579c10b9cf627c736f77c085fa3757aab0
Ирина Ерисанова,"море, море","data/raw_audio_data/Ирина Ерисанова/море, море",eec03446f485c2fc2fdde653025a9664e45b1c778bb075c88a9f9a88376db962
Надежда Винокурова,каникулы в лимстоке,data/raw_audio_data/Надежда Винокурова/каникулы в лимстоке,60a3a05998637a511d5805cd046a2b423d939f0fba9be3cae166534033711055
Евгений Терновский,отель «бертрам»,data/raw_audio_data/Евгений Терновский/отель «бертрам»,d5bea100814f0474977791d40d9340a383744ad0abfe044945d3d7373021a6fc
Александр Клюквин,хикори-дикори,data/raw_audio_data/Александр Клюквин/хикори-дикори,076275fe339c9e77bce4d35f65b487977ccaf9e9f3360ad3555eb8ec4532966b
Леонтина Броцкая,последний ответ,data/raw_audio_data/Леонтина Броцкая/последний ответ,38381fecbb4db926c9ee99ea3821efc54e668bef543a53b879cc06af990dbc1c
Сергей Кирсанов,скрюченный домишко,data/raw_audio_data/Сергей Кирсанов/скрюченный домишко,79aea52299f1999ef9b16cc0a67d2b25e66940917f5478a525afd388b53083f1
Александр Клюквин,большая четверка,data/raw_audio_data/Александр Клюквин/большая четверка,22ddf5460659303c6a8c791acb8997d4746cbaa5b8308066ccf938b17d62e654
Евгений Терновский,загадка ситтафорда,data/raw_audio_data/Евгений Терновский/загадка ситтафорда,d8cb7db8293afdedaf0ca875f06e60b651bf22ebf71581adc93d356c2abf3faf
Николай Козий,убийство на поле для гольфа,data/raw_audio_data/Александр Клюквин/убийство на поле для гольфа,4839178d20af58fe8044716369eea87ebadecbb7960d7c358c3e78ba1c6f1a35
Александр Клюквин,смерть лорда эджвера,data/raw_audio_data/Александр Клюквин/смерть лорда эджвера,df1823d3a73cd56379cf8d2fa2b5ae080310ae33a8c0f8e888a7b38e8e4b6719
Всеволод Кузнецов,конец вечности,data/raw_audio_data/Всеволод Кузнецов/конец вечности,4fae80512b0286b20c9a4f0adbbdba8ecf212d1685f4c703b7f29220e0fe4fe9
Сергей Кирсанов,рождество эркюля пуаро,data/raw_audio_data/Сергей Кирсанов/рождество эркюля пуаро,557a6156adf5e6019fa80538a5e39327c287d51f2a92087da4ce7a4be0eab5ee
Вячеслав Герасимов,враг короны,data/raw_audio_data/Вячеслав Герасимов/враг короны,2f6f4c0c268b6f8a97937b30a36d7ebfc864d6caacea0940af40739bb708b4a6
Игорь Князев,меж трех времен,data/raw_audio_data/Игорь Князев/меж трех времен,693b87a6ed43a1aadf3b311c4f74125229564d1682e7928406777d3fb4d9ba50
Сергей Кирсанов,ковбой,data/raw_audio_data/Сергей Кирсанов/ковбой,5545610c0f5e385f10499e5c475a5b48d8ca50b33749344daf51c9d85dcd5ddc
Николай Козий,пиршество демонов,data/raw_audio_data/Николай Козий/пиршество демонов,0744e6cd0b8c9044fb79bfa882111c8f317d32c591fb8f7138244036371dee42
Сергей Кирсанов,таинственный противник,data/raw_audio_data/Ирина Воробьёва/таинственный противник,d1193f0c8a05fa504e37535540e48e88703ddb1002ad7d8ed937a9043739997e
Сергей Кирсанов,антиквар,data/raw_audio_data/Сергей Кирсанов/антиквар,e51d6c462fd899a1a517810f6b06f745c2148d3be1c424c41fca7ad3376a33f9
Сергей Кирсанов,"алый, как снег","data/raw_audio_data/Сергей Кирсанов/алый, как снег",497c38dd5cede2dae0440275f122a7c29ba37af5bb5c30614399fa4571cb649c
Сергей Кирсанов,из ниоткуда в никуда,data/raw_audio_data/Сергей Кирсанов/из ниоткуда в никуда,ef71f4dcde17c424fe63b055d984e6da6e5a055074e9e531f024910dab403bb3
Сергей Кирсанов,вертикальная вода,data/raw_audio_data/Сергей Кирсанов/вертикальная вода,64d4cae35457dfb887b1b2a8b793d019e484251cf2afbac37026a7f2088a9b04
Вячеслав Герасимов,железные паруса,data/raw_audio_data/Вячеслав Герасимов/железные паруса,44c929b2bf1afb2ee141d7cdf7154e3b08a05a560b8ce52bbec6149051bf42d2
Владимир Самойлов,прыжок в ничто,data/raw_audio_data/Владимир Самойлов/прыжок в ничто,56ba1e9d99c124d4f53b1be14e5d01daec75aeda63e535427f79ac945c9a3bf9
Вадим Пугачев,фельдкорнет,data/raw_audio_data/Вадим Пугачев/фельдкорнет,c2607cd9ceffddfc3ecaf02a5b5d58d742d9d92f31ae99a202d478c4e6dc21ec
Вадим Пугачев,фехтгенерал,data/raw_audio_data/Вадим Пугачев/фехтгенерал,f51116726b46838b1eaf1b76fe72d222b4ebf7ac9dbd997919cb9bc64dcef46f
Александр Чайцын,подводные земледельцы,data/raw_audio_data/Александр Чайцын/подводные земледельцы,b0d9bcc3d78a11b91ca42a3216937f86ef57c1a7b5a76747360a400860747000
Юрий Заборовский,капкан для бешеной,data/raw_audio_data/Юрий Заборовский/капкан для бешеной,3966bf1e472e25f9aaadf16bb9401791b77819fedd39c3f5ad58996416d9ebc7
Сергей Кирсанов,комбатант,data/raw_audio_data/Сергей Кирсанов/комбатант,09955c4c45e922e2b07ebb47f63472feffc05b94c1596d26e8043e7c81d698a4
Леонтина Броцкая,колдунья поневоле,data/raw_audio_data/Леонтина Броцкая/колдунья поневоле,b30fe83f6cc3bca2aedfeee7250c0cc0626cafa391c23b86f43afeb6f12ac78b
Вячеслав Герасимов,колдунья-беглянка,data/raw_audio_data/Вячеслав Герасимов/колдунья-беглянка,758a54ffaa8dbf9cdbbfe5db642226eba723d29feb157c15d86c87e2e8db0928
Юрий Заборовский,волчья стая,data/raw_audio_data/Юрий Заборовский/волчья стая,deba0108a3b509f685fec0707c6a19da9c5e415fbd1b78fe6db729c2f4d3ad50
Юрий Заборовский,возвращение пираньи,data/raw_audio_data/Юрий Заборовский/возвращение пираньи,18b9f6e866fd642b0fc06b9197c527bcaafaad5e0457e1a0b95ab2f407e04002
Сергей Кирсанов,над самой клеткой льва,data/raw_audio_data/Сергей Кирсанов/над самой клеткой льва,2fb79b4bb8d88d809e4762a7e154cda75cccb424367658da90455528080d1cca
Сергей Кирсанов,пиранья. жизнь длиннее смерти,data/raw_audio_data/Сергей Кирсанов/пиранья. жизнь длиннее смерти,51d64ef37228346cb807fa978a062b849bd6d526183e0905ac49162dbdd78a48
Юрий Заборовский,на то и волки - 2,data/raw_audio_data/Юрий Заборовский/на то и волки - 2,5a5773326b9f96538848acaa0281b1d084511711f8d61236d4ac3ca094bd179a
Вячеслав Герасимов,пиранья против воров,data/raw_audio_data/Вячеслав Герасимов/пиранья против воров,d572eeaad90d7fe52702a16553ae773c2fc56f6a76967625b51433494da7b25b
Юрий Заборовский,непристойный танец,data/raw_audio_data/Юрий Заборовский/непристойный танец,462ad08e3ae9615f6fabacce02cda98d8cfb1a5c9a348d7bdd3c8141f1cb9d29
Сергей Кирсанов,пиранья. озорные призраки,data/raw_audio_data/Сергей Кирсанов/пиранья. озорные призраки,46a748a2aad826a513efe77df59b14baed82cf18d44b53df766aa24c2424c48a
Вячеслав Герасимов,пиранья. бродячее сокровище,data/raw_audio_data/Вячеслав Герасимов/пиранья. бродячее сокровище,c6c3f6088b0033f40479abd9e393c6f547e739bc4e2d68ae6ec1b924145a58ee
Вячеслав Герасимов,печать скорби,data/raw_audio_data/Вячеслав Герасимов/печать скорби,6234ebcc28f24fd8862b18227b6dc8bd6ba1338ed40035ef21bc0d8da386326f
Вячеслав Герасимов,пленник короны,data/raw_audio_data/Вячеслав Герасимов/пленник короны,54c176713348ae6c2802a33864cf1a8332e4968026e03867924e4b79d36fd68f
Юрий Заборовский,пиранья. звезда на волнах,data/raw_audio_data/Юрий Заборовский/пиранья. звезда на волнах,3a0f5570e9e63e71f9f26722c77a2ad4ed68a782456241c839bb0111f4ab7759
Вячеслав Герасимов,пиранья. флибустьерские волны,data/raw_audio_data/Вячеслав Герасимов/пиранья. флибустьерские волны,f206ddb30bad18f733154280e41d84a1896fb0b18cca311b448363f87eb6ef59
Юрий Заборовский,пиранья. первый бросок,data/raw_audio_data/Юрий Заборовский/пиранья. первый бросок,6d6cdfa6fd315b9b9eca53af4cd49215fe3027a5b3e0000de41b36a5340ce8cb
Сергей Кирсанов,радиант,data/raw_audio_data/Сергей Кирсанов/радиант,8da025c7cc99183da00b7ed8a0756a1a89eece448456850df11b5d5a03fa5523
Юрий Заборовский,тайга и зона,data/raw_audio_data/Юрий Заборовский/тайга и зона,a28e12e0bc6d56463698c83fe8350a679245a7ed58ac51cc0d40d946490df171
Владимир Самойлов,тайна заброшенного замка,data/raw_audio_data/Владимир Самойлов/тайна заброшенного замка,ea89f08d4bf155a74c4d5526c0edcfa9e8bf94cf2eb28cc24770ba34eda41e71
Сергей Ларионов,право на бессмертие. ядерный скальпель,data/raw_audio_data/Сергей Ларионов/право на бессмертие. ядерный скальпель,41ea3d347f2c4769c247dd21f67a20f8f0106a0eabc79872e91c6354f75b0e9e
Сергей Кирсанов,сыщик,data/raw_audio_data/Сергей Кирсанов/сыщик,e8f6ca0035a82243b90c9dc6e7206308ffc602ddf2551c920a7cd80706540b7e
Юрий Заборовский,летающие острова,data/raw_audio_data/Юрий Заборовский/летающие острова,53ebca6fd7ae01a95c37dda1e56d5d3366a38d169efe193a06b652c9ba55909e
Вячеслав Герасимов,горе от ума,data/raw_audio_data/Евгений Терновский/горе от ума,7356f255084fef2cec5a8ca824c1c650fc611b882945138497aa624a77d9f2ba
Сергей Ларионов,без права на жизнь,data/raw_audio_data/Сергей Ларионов/без права на жизнь,34fc00e5d6cdb8bac1164af75c0fece29f68612ef007f298359faec3c7c40e10
Сергей Ларионов,"ставка больше, чем смерть. металл армагеддона","data/raw_audio_data/Сергей Ларионов/ставка больше, чем смерть. металл армагеддона",e30146d6c72a2e002205b7795c63cb2dbd1d0929c70dad5133692910e818667a
Юрий Заборовский,чужие паруса,data/raw_audio_data/Юрий Заборовский/чужие паруса,8d05994ecda29369d13ee998e105a07f64095d1b912c231f0c1f9ee8ffb65438
Юрий Заборовский,чужие берега,data/raw_audio_data/Юрий Заборовский/чужие берега,58eae60c502ffe849b3808a8e7688a90b16bfae2a407d394999d14c1ffffde8d
Владимир Левашёв,юнкера,data/raw_audio_data/Владимир Левашёв/юнкера,d1cb48de00388647b9d8beb3d282e77d65094d24075dcc13152ea136ca7da50a
Юрий Заборовский,чужие зеркала,data/raw_audio_data/Юрий Заборовский/чужие зеркала,63d29724ec03bda5e773bb6415c9f2720054bae84b9ad3d108eacce686906d03
Дмитрий Шабров,евгений онегин,data/raw_audio_data/Дмитрий Шабров/евгений онегин,61e045b6435ee7c77b331196ceacd20900e6c4cb3759e765f6f99d2228215295
Дмитрий Шабров,капитанская дочка,data/raw_audio_data/Евгений Терновский/капитанская дочка,c6318e78e1af0a236fbcacd1007267fe6e3db594650f076928f1dee9ffe4c218
Евгений Терновский,капитанская дочка,data/raw_audio_data/Евгений Терновский/капитанская дочка,c6318e78e1af0a236fbcacd1007267fe6e3db594650f076928f1dee9ffe4c218
Вячеслав Герасимов,повести покойного ивана петровича белкина,data/raw_audio_data/Вячеслав Герасимов/повести покойного ивана петровича белкина,c0ba4351e64062e53c3bf9660809190f457d8fe567b0b7cab32ea6b479d53f22
Евгений Терновский,безумцы,data/raw_audio_data/Евгений Терновский/безумцы,be91f63c4348a32733bc4c8d5377510d819f030479ac193c8f51fb6979df02a6
Сергей Ларионов,бонус,data/raw_audio_data/Сергей Ларионов/бонус,cf29a52277ae7674f41a34f8e26cf52d801eac4d6aeb2f12a4f245abb25c9d5d
Сергей Ларионов,слово шамана,data/raw_audio_data/Сергей Ларионов/слово шамана,f8209d5c8aa4b351b6fb7d747076c2dd604f82678e59c1067d3fad85b3c23b27
Юрий Заборовский,купол,data/raw_audio_data/Юрий Заборовский/купол,1a71230b0853055434148e1d82df41b5b8b5ecc67e186550b0a11e8e37dcae77
Сергей Ларионов,душа оборотня,data/raw_audio_data/Сергей Ларионов/душа оборотня,68bbc5ad3ba2bd2046123492584f39d41d19a4b12d073609b57844a4c17354fe
Сергей Уделов,чертова мельница,data/raw_audio_data/Сергей Уделов/чертова мельница,e028fff849e038bb1faa6e546ec01b988408f86a51368605d66533c6e91bd6b6
Сергей Ларионов,паутина зла,data/raw_audio_data/Сергей Ларионов/паутина зла,a2623e3d7eb7f7b1e2243082234458fa0cfa8f46b85dda5c2f12dcc300c1b82e
Евгений Терновский,самозванец,data/raw_audio_data/Евгений Терновский/самозванец,d5236c973f75baae6846523f0469cd72a17d1ab5cb5b13ffbeeaa9789cd7140a
Александр Чайцын,командор петра великого,data/raw_audio_data/Александр Чайцын/командор петра великого,3a24b690bc4379c8187a43c0935fa36d4096c2b1d4fed323dcb5bc595e8e7c11
Александр Чайцын,командорские острова,data/raw_audio_data/Александр Чайцын/командорские острова,73498357714292fe92c98b0a3fa8281d465c2d983a2a4673d9c214a320ffa9dd
Татьяна Телегина,страна мудрецов,data/raw_audio_data/Татьяна Телегина/страна мудрецов,736eca9dda28c95178f83d60b4f5aa719a87d03bf0712eeee88c8425bbb122ab
Сергей Ларионов,главный противник,data/raw_audio_data/Сергей Ларионов/главный противник,41ed36683b72a08bdbb2d95d77c896c744ac336e43bf001c1d4f7d8e3deba2ff
Александр Чайцын,поход командора,data/raw_audio_data/Александр Чайцын/поход командора,4f9b753d3ddc0ff2ef3c96dba421ea0964804425c3ed8ff618dcb2e5eb2739d5
Евгений Терновский,раковый корпус,data/raw_audio_data/Евгений Терновский/раковый корпус,06676a1e6296dcede19fafc90bb7e3232f5cd326c7b2efebb65f4748c2cbbf13
Александр Чайцын,командор,data/raw_audio_data/Александр Чайцын/командор,2242b2a3eb114ae0a30df8cf5b1f6e8ad6be69a7bd4ec027727edd778919ab3e
Александр Чайцын,флаг командора,data/raw_audio_data/Александр Чайцын/флаг командора,0f14dc2e0aa9f41826d6e746e6e0c2dcafaf0b694af614a105e432c650e0e250
Евгений Терновский,детство никиты,data/raw_audio_data/Евгений Терновский/детство никиты,de2641a685a61abc28538eefe9fc339b1907b23e7fdbb4a338cb1955cc6d57d6
Александр Чайцын,хозяин земли русской. третий десант из будущего,data/raw_audio_data/Александр Чайцын/хозяин земли русской. третий десант из будущего,946cd093408683dd4756ff6ae71fd92c9c3cebd5c967e1532493eac4c89f7117
Вячеслав Герасимов,князь серебряный,data/raw_audio_data/Вячеслав Герасимов/князь серебряный,29c8683d813168fea9eaa88d14d42beccdd23261cecc126f1481e277019e1be5
Юрий Заборовский,гиперболоид инженера гарина,data/raw_audio_data/Юрий Заборовский/гиперболоид инженера гарина,95261b07a90ce2e8ce1ec30fad5ea1ce9fcf0465f6493111aa0d9e760fd3c76f
Юрий Заборовский,висельник,data/raw_audio_data/Юрий Заборовский/висельник,91a2771f6a57c4f5d5681999d96e49f170ef4211e787d1e840db0e7dcc00eff9
Александр Чайцын,"вставай, россия! десант из будущего","data/raw_audio_data/Александр Чайцын/вставай, россия! десант из будущего",fec867a0d5c73a6d7cad683673b77188f289124acc045ece28142253e4810fb4
Сергей Ларионов,человек с железного острова,data/raw_audio_data/Сергей Ларионов/человек с железного острова,36dfddc3af093378a8efcd086523b5cb8de9f20a9efd773ce1000edcf2a08840
Ирина Ерисанова,победительница,data/raw_audio_data/Ирина Ерисанова/победительница,fc514103809e5652e17ca603bf2c5bfc7cd7c7cd2405191697c93d39e8db9fef
Вячеслав Герасимов,миф о сизифе,data/raw_audio_data/Вячеслав Герасимов/миф о сизифе,8103a6559a53901ee9e5d47719e215e7edfff1a8ac2308a6c9089a841458ba6a
Вадим Пугачев,"почти умер, чтобы выжить","data/raw_audio_data/Вадим Пугачев/почти умер, чтобы выжить",f754e9de2167a39d8b830dc668d8e24a05fa3b71000e4176ebb2eef28eacee34
Сергей Кирсанов,"потерянный дом, или разговоры с милордом","data/raw_audio_data/Сергей Кирсанов/потерянный дом, или разговоры с милордом",8065c174fe68cce9a0f10b1f44743c6d78b6aef98db6e81bebb3ea3a09968364
Ирина Ерисанова,в пьянящей тишине,data/raw_audio_data/Ирина Ерисанова/в пьянящей тишине,31fc0f44e81509dc985f3e66984dae1e7c9f27ba8d8c9f063bfc1f146f8bff69
Вячеслав Герасимов,последние холода,data/raw_audio_data/Вячеслав Герасимов/последние холода,d8ae3868cb45165019221291e3cf67eb0e6313ef7bfc9bb39cea7d5b06e28263
Юрий Заборовский,шлюз,data/raw_audio_data/Юрий Заборовский/шлюз,2a1cd209306533947605d16ab072ab599233f6e15422e7009b5ca8642fca2375
Юрий Заборовский,"прощай, калифорния!","data/raw_audio_data/Юрий Заборовский/прощай, калифорния!",baccc0a745371953e2a2dfb85a0333a2c7303dbcf08b4badf1210fdb92287632
Николай Козий,остров медвежий,data/raw_audio_data/Николай Козий/остров медвежий,330cb392d06f9dbd548889968dd2f2449c0bf7d22e1a4fd892847238c367da35
Ирина Ерисанова,"жулики, добро пожаловать в париж!","data/raw_audio_data/Ирина Ерисанова/жулики, добро пожаловать в париж!",b1fc30958cf00daa1177936b2511210cfd82157973a3c44ddb0215babdcc402a
Олег Шубин,тигр! тигр!,data/raw_audio_data/Олег Шубин/тигр! тигр!,e315b53012f7ebaee95e05a46602a042a915fb07df587885327603c71e2836b3
Татьяна Телегина,остров ионы,data/raw_audio_data/Татьяна Телегина/остров ионы,4b49b585cad0c6ac509290f3c4780f36bd398bb846e5a456710c868f8daa03b0
Николай Козий,задумай число,data/raw_audio_data/Николай Козий/задумай число,ba449d577da200dc954e59012e906718085b7b691daa69f9a6b4839bcba21288
Ирина Ерисанова,ячейка 21,data/raw_audio_data/Ирина Ерисанова/ячейка 21,43737d8e399d6dbaf6f936afe91392e4c7c991efd6fbabd80433f5a974cdb8c7
Вячеслав Герасимов,роман-воспоминание,data/raw_audio_data/Вячеслав Герасимов/роман-воспоминание,858e1862babfadd5321e29eeaac17210be91b0cd94d1138b4bc802a044cccfbf
Наталья Фролова,невеста горного лорда,data/raw_audio_data/Наталья Фролова/невеста горного лорда,0aa1631f8f64cb8aea2cf32f3ff67b1defa0aa9389e7da064f7aca4b61e861e1
Юрий Заборовский,первый визит сатаны,data/raw_audio_data/Юрий Заборовский/первый визит сатаны,2a04a52ab7e7352f8a0dfc3fc39fb9ac3c1f00b7908a90d37069b4a4c6ddffd7
Сергей Чонишвили,беллона,data/raw_audio_data/Сергей Чонишвили/беллона,f5fce7a09dd00b6d9827c714f9042added3cef429575f2ae9bd72df9633f9029
Вячеслав Герасимов,равнодушные,data/raw_audio_data/Вячеслав Герасимов/равнодушные,fa3100473c6a94ca18830fe9dab8c1f4023062e36697b9e70daab52270810222
Игорь Князев,конец лета,data/raw_audio_data/Игорь Князев/конец лета,8e7045a8412fe7197ce26f8b47f0d4c2f4fc314f640010a7f727a211b5c62125
Николай Козий,последний из удэге,data/raw_audio_data/Николай Козий/последний из удэге,b7c313dee83f423150515c4e328f530f159c169916305a45d7f3425762e85eba
Александр Чайцын,глубокий контакт,data/raw_audio_data/Александр Чайцын/глубокий контакт,dbae5978aab58a6dba6c37956c0eb8ca09a0eed56ba40c1cab0cc3c1ffaf854d
Дмитрий Хазанович  (Дим Димыч),родина,data/raw_audio_data/Дмитрий Хазанович  (Дим Димыч)/родина,a8b07a191bdf75a1a59abe5b4989c8b394503340f3312e8978cb6cc9bf4197bc
Александр Чайцын,главное задание,data/raw_audio_data/Александр Чайцын/главное задание,cabce2d93ffe229b1c702d14c5c00bb70619887701f4a58f9c6b2a3ba3edacfa
Сергей Кирсанов,эмигранты,data/raw_audio_data/Сергей Кирсанов/эмигранты,0067f0c8e19bdea6788061f702a0d7f9d7fed0bd3cb1fd81cbd80b27e87cc36f
Дмитрий Хазанович  (Дим Димыч),последний завет,data/raw_audio_data/Дмитрий Хазанович  (Дим Димыч)/последний завет,eeb56909cc92d4c797ec173e4974acf9b77ca665e1ff1e01d2ee8558921cb556
Ирина Воробьёва,петербург,data/raw_audio_data/Ирина Воробьёва/петербург,3ea967f92842ee2d8a7ccc050774d47c11d065ea86496dcf21a06857392f7ab6
Вячеслав Герасимов,под сводами высокой лжи,data/raw_audio_data/Вячеслав Герасимов/под сводами высокой лжи,2f76987e698cbffdf47377068d40c5430d3e6d7f6e37ec7d7bf15579e956c582
Сергей Кирсанов,нобелевская премия,data/raw_audio_data/Сергей Кирсанов/нобелевская премия,5fefdf1ccafcf87b91cdd6d6ee3c2d5c6963b9ef35738a51a96f55e8bfbb7028
Ирина Ерисанова,видео иисус,data/raw_audio_data/Ирина Ерисанова/видео иисус,e4f20beeaa1faa7aabe033c3afb0b3fa8055d9abcd3e6d2bfc6a4cb0c929bdd9
Надежда Винокурова,время всегда хорошее,data/raw_audio_data/Надежда Винокурова/время всегда хорошее,3e39eaa8b3cd7f2243b0ca6abe0b0919bacbc8b72d6ad57ae29d7cba85022604
Ирина Ерисанова,год обмана,data/raw_audio_data/Ирина Ерисанова/год обмана,1ea6b19bebec83999cd9304257caed5c113dab4610c79fa0bcf519e2b1c7cc4d
Сергей Кирсанов,случай в кропоткинском переулке,data/raw_audio_data/Сергей Кирсанов/случай в кропоткинском переулке,f8c187a12ceb0037242c747c9ec19ad709600f68b78cc3b45a8352e19d6ad26f
Ирина Ерисанова,крестьянин и тинейджер,data/raw_audio_data/Ирина Ерисанова/крестьянин и тинейджер,f8e5fff2a0106f8e22b3050de3475960373eac5aebfbc028c00f3ccb3519436a
Сергей Кирсанов,святой грааль,data/raw_audio_data/Сергей Кирсанов/святой грааль,fa317a5c54e4934351972646cef43344ef7cf0112dae618b4880e459cd2c1ccd
Сергей Ларионов,камень и пламя,data/raw_audio_data/Сергей Ларионов/камень и пламя,7857adc6a3f1e11196a94f3269a26a3224eb9bc2a7a8154f8a8d30ad8ce14622
Олег Шубин,горелый магистр,data/raw_audio_data/Олег Шубин/горелый магистр,8bb260d3038c0b3eebad613390fab9259439347d51d03bab4627222b92fc6537
Ирина Ерисанова,степные боги,data/raw_audio_data/Ирина Ерисанова/степные боги,35fc4580ecfbdf006fc85b0437899978f43b47723755ba65eb2880d6160168ea
Олег Шубин,шаг вверх,data/raw_audio_data/Олег Шубин/шаг вверх,67c6fe8ae29f0b46a56c2ddb1fc22fb55d56eeed388bf321b86492cb99bab4fc
Олег Шубин,когда шатается трон,data/raw_audio_data/Олег Шубин/когда шатается трон,dcf21683629d13bcf4f75168d3d6c603261c3aa7c712dc1a27337b8e78a2bf4e
Алла Човжик,возвращение оборотней,data/raw_audio_data/Алла Човжик/возвращение оборотней,0e0ada8f9241f2427bb8b70c3b778a84d76da47b487d678fe1a7a879cb04aadc
Александр Чайцын,один на миллион,data/raw_audio_data/Александр Чайцын/один на миллион,66356a6d94d10dd64b1cc6e2ca26b78fe2a04ba20bea1fa1f945ae88f75b0f28
Евгений Терновский,криминальный отдел,data/raw_audio_data/Евгений Терновский/криминальный отдел,86323d553c637a68e008c7249e4fcef49c64bdf89223e83727538e707950f82a
Вячеслав Герасимов,шпион федерального значения,data/raw_audio_data/Вячеслав Герасимов/шпион федерального значения,ce74c3e8c2094d6df77091df302fa46481d09d1d347fb9b85f1a63d7aafa6694
Вячеслав Герасимов,девять негритят,data/raw_audio_data/Вячеслав Герасимов/девять негритят,6ca3122b263a178cbafb30f62c9fa26d0014250fb6a40cf68371bfe0683a3851
Сергей Ларионов,водки летчикам не давать!,data/raw_audio_data/Сергей Ларионов/водки летчикам не давать!,2cdd8e79bdb8f65a1a4b121be56d7394996f1afe356b5b2a85285bec76fe6f59
Сергей Кирсанов,эхо проклятия,data/raw_audio_data/Сергей Кирсанов/эхо проклятия,bdcf466c084a504098bb048c9e4607ba7a2b1efd8066db72d2ee532f68d742ef
Евгений Лебедев,в прекрасном и яростном мире,data/raw_audio_data/Евгений Лебедев/в прекрасном и яростном мире,233e972280187c6e4828719cefd620d83d7e85bcffbceb7205944c452232bd48
Александр Чайцын,наблюдатель,data/raw_audio_data/Александр Чайцын/наблюдатель,0dd032b7d8fbbc965e8a300330e59853c71bf9d07ebc0ff2ae1f907c20889d81
Дмитрий Хазанович  (Дим Димыч),кланы пустоши,data/raw_audio_data/Дмитрий Хазанович  (Дим Димыч)/кланы пустоши,b9cae043a54208a9e12b1fdc2823bd7bf92babdcff506506df89246f47d67c2c
Александр Чайцын,вектор,data/raw_audio_data/Александр Чайцын/вектор,126ae5628c6eca85540c4375e87b71426454e353bfed0a8e28e7b0973e3f9b82
Сергей Кирсанов,кто ответит?,data/raw_audio_data/Сергей Кирсанов/кто ответит?,5b8da7eea378ba4d64f4fafa7a461b91d7a7a3819f7e9280c66a584047f4a6cc
Александр Чайцын,буря миров,data/raw_audio_data/Александр Чайцын/буря миров,a247be9e8aee24d93ec364a0c48584b346e5fbb1feb6d6f3c81ba78384e71227
Татьяна Телегина,креативщик,data/raw_audio_data/Татьяна Телегина/креативщик,ddba64911d9ada72dc03fd10cdf05e5d11802339d6fd5cc6f5b765b295341594
Ксения Бржезовская,молочник,data/raw_audio_data/Ксения Бржезовская/молочник,fd5d7241e1cc54b7f6ad7ee65733dc2535ea96b2e13332fbd50f6cd44ce60f10
Надежда Винокурова,этюды черни,data/raw_audio_data/Надежда Винокурова/этюды черни,bce03915e13e563f8e0e19f10d34cceb98bd175c10a560ba183ca6d332b631f8
Дмитрий Хазанович  (Дим Димыч),пароль: «вечность»,data/raw_audio_data/Дмитрий Хазанович  (Дим Димыч)/пароль: «вечность»,7b4a9608076cfeacd4fb7d3ee6ad225bf0c269e0099f85232e47c70a825d5e68
Игорь Князев,"цветы корицы, аромат сливы","data/raw_audio_data/Игорь Князев/цветы корицы, аромат сливы",7ae899f023072bd98fa3b5d59e9cd260a4fea44bdc4691b6b57642b86b7fc514
Вячеслав Герасимов,иллюзионист,data/raw_audio_data/Вячеслав Герасимов/иллюзионист,be5cb0af3098910df7da986862fc4ee0b1f13187d8d221e82715b4ac0e9fd1f9
Александр Чайцын,москва-2016,data/raw_audio_data/Александр Чайцын/москва-2016,c00a121b8637c6da4bbccee8b50a7392fc0306a92d52b76edc88af08bedc8ac7
Алла Човжик,свадьба как повод познакомиться,data/raw_audio_data/Алла Човжик/свадьба как повод познакомиться,82be67d9d993463177d846d4fa1c34cc959412a0a7fc2e23cb020e8800239252
Сергей Кирсанов,серебряная корона,data/raw_audio_data/Сергей Кирсанов/серебряная корона,ed5b147d8a4226baa5b57b4b117324aed812cc5465b7891ab77f3f41b8aeccb2
Дина Бобылёва,в погоне за драконом,data/raw_audio_data/Дина Бобылёва/в погоне за драконом,4d2f89af6c042863736f955b1baece27c7f92c43683f03a353719b3300e91cad
Евгений Терновский,чевенгур,data/raw_audio_data/Евгений Терновский/чевенгур,0bedc14e15153c965bde64d36eb0fa1e4544ad5c4c3e5e80bdc3f9d60ff370fc
Алла Човжик,я выбираю ненависть,data/raw_audio_data/Алла Човжик/я выбираю ненависть,e35c93f86d168d6de7d432af90a5cdb2bee3508ead05be619d0df70d98a32370
Татьяна Телегина,профессор риторики,data/raw_audio_data/Татьяна Телегина/профессор риторики,268f3e5f0002a0b853a6bd5cf09c982ed1e6ca0544363e59bc47116262fb37c5
Вячеслав Герасимов,глубина моря,data/raw_audio_data/Вячеслав Герасимов/глубина моря,a7444f0406b14613057d0c4c88bbd996ae9bf61aa162f91e2e7f78951727e20e
Ирина Воробьёва,мурли,data/raw_audio_data/Ирина Воробьёва/мурли,5088cdc6f2f1f6e4f8a1351787cf8eb94f8d76974ae968bca00c57751a6abc28
Леонтина Броцкая,пруд белых лилий,data/raw_audio_data/Леонтина Броцкая/пруд белых лилий,32a55bfcad563b9b4b4652cb3e743a257416e3819d8d1bcd160698c550a745df
Дмитрий Шабров,верочка,data/raw_audio_data/Дмитрий Шабров/верочка,0fcb94bcac3720b9ac9804c40900959b8e408c85e62db2976072c3a42d850c75
Алла Човжик,избранница изумрудного трона,data/raw_audio_data/Алла Човжик/избранница изумрудного трона,72ca75cc8f791a1ac80f171e24593f5e5a963debaae411c331eb8714f2c57273
Татьяна Телегина,черный монах,data/raw_audio_data/Татьяна Телегина/черный монах,74134412fa74d494838f66b6d250c0cffa1565df876c3eb8fe3271f3f98343b4
Алевтина Пугач,рагнарёк,data/raw_audio_data/Алевтина Пугач/рагнарёк,6918120d6d97eab066a2011c50bf487d4d6cb8db41be5491d3021de64fc53c72
Татьяна Телегина,возьми с собой плеть,data/raw_audio_data/Татьяна Телегина/возьми с собой плеть,b52d0816c1b17bd7df00ad017ecac6201a071e940166c3a4c56a51e3dede58ee
Евгений Терновский,цитадель,data/raw_audio_data/Евгений Терновский/цитадель,d38e4ebd7333d04d1643ab580789986f1c96784499292834b721eaf637b52104
Татьяна Телегина,дневник сумасшедшего,data/raw_audio_data/Татьяна Телегина/дневник сумасшедшего,86f03f669e108c9914d7dded3ae5f55d81e04f4bbf303ad8885e80d6f439ba67
Александр Чайцын,папийон,data/raw_audio_data/Александр Чайцын/папийон,17dd7097924c984179cc6ca28d84538a19bffb668cb7f6da425d9300b57601f9
Сергей Кирсанов,грешница,data/raw_audio_data/Алла Човжик/грешница,1d992980ff07b1caae76d8fbb0c1e00e0ae0e73cde08b4048f97a14301dcf77a
Алла Човжик,грешница,data/raw_audio_data/Алла Човжик/грешница,1d992980ff07b1caae76d8fbb0c1e00e0ae0e73cde08b4048f97a14301dcf77a
Татьяна Телегина,путь в версаль,data/raw_audio_data/Татьяна Телегина/путь в версаль,4f103ba414409d086bbba0702529113cd0bcce6fcd02df5d456629ce8ab17ed6
Евгений Терновский,черновик чувств,data/raw_audio_data/Евгений Терновский/черновик чувств,a0cbf116dc331d547a0f23c269cc648d11e0f756fb53f2d28505b8fe24c9ff2a
Сергей Кирсанов,белый тигр,data/raw_audio_data/Сергей Кирсанов/белый тигр,b2eccf1238c35f884eb8b1b2f967c738ba070c344cd652fd2d21aa07b65aafe5
Вячеслав Герасимов,двое среди людей,data/raw_audio_data/Вячеслав Герасимов/двое среди людей,65f8df9003723a27a388e7ecf4dc0ef83de3157b7598d84aee1956f534f5ec91
Вячеслав Герасимов,обращение в слух,data/raw_audio_data/Вячеслав Герасимов/обращение в слух,618293578f779a4c8a9df4cdbaede56dbf19f75ab6968b3160e4f1c75c92dfd4
Леонтина Броцкая,самурайша,data/raw_audio_data/Леонтина Броцкая/самурайша,4619f5b589a300d0badbdbeea706b8ffa1382c175ec4a3ad1742a2a95142c97f
Владимир Левашёв,машина желаний,data/raw_audio_data/Владимир Левашёв/машина желаний,1f4f7b3f4003ef7ca169143d9ed07621f85ddda1709fd1714a91acecc92523bb
Олег Шубин,попытка к бегству,data/raw_audio_data/Олег Шубин/попытка к бегству,12e25d6dce607421c27375104a02a4f94313588fd1ea2e21a73b354b3bb44832
Сергей Кирсанов,понедельник начинается в субботу,data/raw_audio_data/Сергей Кирсанов/понедельник начинается в субботу,6e2eaeea84ecc264ee8f0e229de5020dc96f46c774cfd285760a2d4d8884a0ab
Сергей Ларионов,взорвать прошлое! «попаданец» ошибается один раз,data/raw_audio_data/Сергей Ларионов/взорвать прошлое! «попаданец» ошибается один раз,a896e9dc740666b97004efc5ea6d78214c5adfa766e1fcd72bc4d57d33493b87
Татьяна Телегина,зверь бездны,data/raw_audio_data/Татьяна Телегина/зверь бездны,5f566899e7b39117bc9594e5862c5770130c7be7a318138f1c22cb037cc574c4
Вячеслав Герасимов,трудно быть богом,data/raw_audio_data/Вячеслав Герасимов/трудно быть богом,f1accd1982ebbe5cf0e49fe66a9ca6742d877204e27599e4928bf05e1f45d6f7
Сергей Ларионов,новый поворот,data/raw_audio_data/Сергей Ларионов/новый поворот,f4c0608ee2f190be47dea60efd4a6065dc19984e269e9c6153b30d89f81dd144
Игорь Князев,год зайца,data/raw_audio_data/Игорь Князев/год зайца,8beeb142adaac04bc977c7b7f38033f6f86bb936e62d80a815570ad14e5601cc
Александр Чайцын,квадратный ящичек,data/raw_audio_data/Александр Чайцын/квадратный ящичек,f762aad89d5317b53d7693001e1175a370b3279a937ca0ed635cca01ed5238ba
Александр Чайцын,полосатый сундук,data/raw_audio_data/Александр Чайцын/полосатый сундук,ac56df7adbfb65c9da35972354875111780f39f0ae4f8039bf78c181c7127fcd
Олег Шубин,собака баскервилей,data/raw_audio_data/Олег Шубин/собака баскервилей,1239893baab90b144ddcbfac725bd59eef5e972bc10ec4b91778399c93e6963a
Александр Чайцын,сообщение хебекука джефсона,data/raw_audio_data/Александр Чайцын/сообщение хебекука джефсона,52a9947b60da14c8ada54c6305dabc5ac213ed43faf58cd821b5af9c43563a9b
Сергей Ларионов,архив шерлока холмса,data/raw_audio_data/Сергей Ларионов/архив шерлока холмса,297ced8b06b49c14d89f0bd2c4d1a2ff3b81358b40ed74f2d5c022a65662d908
Сергей Ларионов,зона тьмы. 1000 рентген в час,data/raw_audio_data/Сергей Ларионов/зона тьмы. 1000 рентген в час,f7a493f9e1d2b186500db6c665ab706d17927beb4f8f1003ea78e3ac023af744
Ирина Воробьёва,"бастер, ко мне!","data/raw_audio_data/Ирина Воробьёва/бастер, ко мне!",670598ceb1c8a2a13709aee51d4af024b5b894100edb98dbeba20a0d0a901ff4
Сергей Ларионов,ликвидаторы времени. охота на рейхсфюрера,data/raw_audio_data/Сергей Ларионов/ликвидаторы времени. охота на рейхсфюрера,73d2f33886bfe31043d4f6b97bbd7122654b605794eeddd75ef63856ddd35566
Татьяна Телегина,"рони, дочь разбойника","data/raw_audio_data/Татьяна Телегина/рони, дочь разбойника",cc449cfba662a38d611bfdd5995b63881c8188eb21a31734f9b54a029a453fd7
Вячеслав Герасимов,хромая судьба,data/raw_audio_data/Вячеслав Герасимов/хромая судьба,0c18c472c85ea96d899577f7d0e671f3046c8607cdb6619620266ebfd0b8a931
Леонтина Броцкая,видимо-невидимо,data/raw_audio_data/Леонтина Броцкая/видимо-невидимо,5e0267a6b663e73963d0c3431145b92cd4488dc4267a8de23eeb97d1f099186b
Николай Козий,"в час дня, ваше превосходительство","data/raw_audio_data/Николай Козий/в час дня, ваше превосходительство",94f1107eb56a4e3ef8c3721c974ade402f7936e58fbe33a51586d3c77939e476
Юрий Заборовский,неотразимый кавалер,data/raw_audio_data/Юрий Заборовский/неотразимый кавалер,acb9debf1b8a9cd34d9b713d2f5e1c1bfa3805dfb11e1f55a06877e16afadffd
Сергей Ларионов,"приземленный ад, или вам привет от сатаны","data/raw_audio_data/Сергей Ларионов/приземленный ад, или вам привет от сатаны",c3f239dc9e103233cde41c0588176d5e682077f75d5a66a3444383159446c181
Вячеслав Герасимов,до последнего звонка,data/raw_audio_data/Вячеслав Герасимов/до последнего звонка,7450c90d27805dfb6502e45b313940781038d42c226bd9840f1e4fcbdb4bb26c
Юрий Заборовский,остров дельфинов. большая глубина. рассказы,data/raw_audio_data/Юрий Заборовский/остров дельфинов. большая глубина. рассказы,b6cd1d0c600e3a9b253ca947710c624a84e9e94f3bbbe889929ea051dfb35569
Юрий Заборовский,мастер джорджи,data/raw_audio_data/Юрий Заборовский/мастер джорджи,ba0e48c3d393d918c6b451b8cea97f2819848ceec2889c87faeba04b5e6343f4
Юрий Заборовский,черная моль,data/raw_audio_data/Юрий Заборовский/черная моль,5e6c3d817327f8f3043875630a9eb8dbd44ff16bab53c9b3ab4fed79b7132024
Вячеслав Герасимов,книга путешествия,data/raw_audio_data/Вячеслав Герасимов/книга путешествия,a7693e333ee090454e0471effc7db02cbd3145fd146ef1604e72c522165c2988
Ирина Ерисанова,"танцовщица из хивы, или история простодушной","data/raw_audio_data/Ирина Ерисанова/танцовщица из хивы, или история простодушной",3b4e047337d539be78dc17982dba294a9742de96ad69dca305b8b807510f8d8a
Сергей Чонишвили,до последнего звонка,data/raw_audio_data/Вячеслав Герасимов/до последнего звонка,7450c90d27805dfb6502e45b313940781038d42c226bd9840f1e4fcbdb4bb26c
Сергей Кирсанов,три дня,data/raw_audio_data/Сергей Кирсанов/три дня,6441d71e5549f016f6111ed458d92f290fc4b879410c0b908b958ba50762b6e7
Ирина Ерисанова,мили ниоткуда,data/raw_audio_data/Ирина Ерисанова/мили ниоткуда,40168b37ec29b893f7a9f5e472bfdb0ac14e41f1e863519d25ad140ea4c98b9c
Дмитрий Хазанович  (Дим Димыч),леса хватит на всех,data/raw_audio_data/Дмитрий Хазанович  (Дим Димыч)/леса хватит на всех,1b5bd061363baa7a37ac5f15dc5d04126c09d20ac16492823330c158eea71ce1
Дмитрий Хазанович  (Дим Димыч),клык на холодец,data/raw_audio_data/Дмитрий Хазанович  (Дим Димыч)/клык на холодец,feaab9a99b9e1db0ae9b41e881eef17cee49ef4b94b637f1349999eec57279be
Вячеслав Герасимов,дыхание богов,data/raw_audio_data/Вячеслав Герасимов/дыхание богов,110a9c40384b69bb94d72a9a00c2e6ce35c5533b44abc085e2bfd7784c6f4a18
Ирина Ерисанова,голый год,data/raw_audio_data/Ирина Ерисанова/голый год,b80b557ceb70a0a496c2b87de740973e4d5018b3f0dd172908440881a7474dc3
Александр Клюквин,«номер один»,data/raw_audio_data/Александр Клюквин/«номер один»,d45dc18ced151814718753344be165dc0d206e0427a5685899fa3a74317d3dcb
Сергей Чонишвили,слепая вера,data/raw_audio_data/Сергей Чонишвили/слепая вера,11f3405f384c6f06323903b6668d8ab8498eb1f3e0a63b648dbddde26ea1897c
Дмитрий Хазанович  (Дим Димыч),третий меморандум,data/raw_audio_data/Дмитрий Хазанович  (Дим Димыч)/третий меморандум,a0c1b9a8ea50f0a8dcd9903391acd38729aad87b247d465b422dc978b57eda1c
Сергей Кирсанов,«номер один»,data/raw_audio_data/Александр Клюквин/«номер один»,d45dc18ced151814718753344be165dc0d206e0427a5685899fa3a74317d3dcb
Сергей Кирсанов,мессия,data/raw_audio_data/Сергей Кирсанов/мессия,28dfe2f8068803df76327c9dc41c46b72ef9de2b3f075b317a1faebe9da70ce7
Николай Козий,тонкомер,data/raw_audio_data/Николай Козий/тонкомер,1ff977f7f1785cce3033b039b29cd8a42f65edeb428ad9dc0876aee732b9970f
Вячеслав Герасимов,кутюрье смерти,data/raw_audio_data/Вячеслав Герасимов/кутюрье смерти,04218b278b5557e17479d70a6f59e1d5f29aeb5ba8668e8e4462b1cd88cb0e43
Евгений Терновский,жестокое убийство разочарованного англичанина,data/raw_audio_data/Евгений Терновский/жестокое убийство разочарованного англичанина,04143ae35e3c3b89fa73467700c7b8f9f912d8fab41ac1cc457f1afc8ef295ff
Сергей Кирсанов,последний трюк каскадера,data/raw_audio_data/Сергей Кирсанов/последний трюк каскадера,6848efd5466e02fff2b83ebd04dfd9b967ef91d2f987c8d76228c223ad84b37f
Евгений Терновский,кладбище в скулянах,data/raw_audio_data/Евгений Терновский/кладбище в скулянах,95724582f075a2be4aa658913f528855fa8d34df2afac2255052ea6d6b984a0e
Вячеслав Герасимов,"человек с пятью «не», или исповедь простодушного","data/raw_audio_data/Вячеслав Герасимов/человек с пятью «не», или исповедь простодушного",bd2cae763d7cb27e36971889b336361249fb23fb7a81857d49961a7e32eb6c55
Владимир Самойлов,святой колодец,data/raw_audio_data/Владимир Самойлов/святой колодец,18fc2bb622bee7062eda2ca7ffc5a087944a3586adc940f8900d7a40c4a77d7e
Вячеслав Герасимов,уже написан вертер,data/raw_audio_data/Вячеслав Герасимов/уже написан вертер,a45e19810a15fc0f8a7a536a8714b8a8f1923a0b207cdbdf538b668c38b0f0b2
Леонтина Броцкая,лишняя душа,data/raw_audio_data/Леонтина Броцкая/лишняя душа,68e58352e22fb2bac30d09bb39d835880ed8e778bc9eb6968b23d573a015c461
Юрий Заборовский,"дом, который построил дед","data/raw_audio_data/Юрий Заборовский/дом, который построил дед",af8031c460942cf76420e68242aef3ad5e7b21e588185ec3fc52e6b982a24140
Вячеслав Герасимов,трава забвенья,data/raw_audio_data/Вячеслав Герасимов/трава забвенья,4ff4975cfcd72b47336b4d8590a491445822fc35874a1a09731fdd479590c672
Николай Козий,"баранкин, будь человеком!","data/raw_audio_data/Николай Козий/баранкин, будь человеком!",06bc7bcf53e6df1f3de6827a10c088b9449029ee770d084632e5a089f10e7042
Николай Козий,капитан соври-голова,data/raw_audio_data/Николай Козий/капитан соври-голова,d9c7af4400c454e1cc7d425f91726a53ce621156a4ca7ebc9c6d91332fb8241f
Ирина Воробьёва,"дочь ивана, мать ивана","data/raw_audio_data/Ирина Воробьёва/дочь ивана, мать ивана",2220eb613a531f2528c6c0c756a5a1fbd0a0c3dc0af0f207a034166647416edd
Сергей Кирсанов,ступай и не греши,data/raw_audio_data/Сергей Кирсанов/ступай и не греши,75286350f4ca82d1a5bbe3707864780d57bd22a578e8d843f252e101b4af3514
Николай Козий,сверхприключения сверхкосмонавта,data/raw_audio_data/Николай Козий/сверхприключения сверхкосмонавта,9679d2122f81c49c92b4554755116eaed8bf1d1cfcb69128b2e3ad3446f80aed
Ирина Ерисанова,"прощай, полицейский","data/raw_audio_data/Ирина Ерисанова/прощай, полицейский",a7aedcb3f669aab16e4f5d45d4fab0cfe537decb3184689246c6701a9ef3c501
Николай Козий,флейта для чемпиона,data/raw_audio_data/Николай Козий/флейта для чемпиона,52c2f60f0dcad939824cdff0de72bcbc9e66f6bb1b236189142c8019437fb859
Вячеслав Герасимов,плясать до смерти,data/raw_audio_data/Вячеслав Герасимов/плясать до смерти,a73fbcca48b362136e2784bb3d04859958c0b5ab260fddaa08a24d7619c4c5b1
Владимир Самойлов,каторга,data/raw_audio_data/Владимир Самойлов/каторга,4b1f479a0da6d690aeda1c4c1f45aaf42e2744ebfcfe93d65d711785e7b80335
Сергей Ларионов,ответная операция,data/raw_audio_data/Сергей Ларионов/ответная операция,e4ba6c47d24ec6a15a700df835b4d5401e508551c3dc22c94b1e3713043c4e62
Сергей Кирсанов,круглянский мост,data/raw_audio_data/Сергей Кирсанов/круглянский мост,4b965a740c5e3a3d33c9bd3242248c72fb62b8322c04fdb0ed69158ad00d267e
Александр Чайцын,человек с чужим прошлым,data/raw_audio_data/Александр Чайцын/человек с чужим прошлым,e2a95a81d0a3d61c77c1022e5a5b6329dbb6062edc3d3e222217e0d3a28a4292
Николай Козий,юность полководца,data/raw_audio_data/Николай Козий/юность полководца,20fec0627c7ff6aaed4b6c74f9a07843fdd28428223334b3ee964c2e12232a96
Вячеслав Герасимов,обелиск,data/raw_audio_data/Вячеслав Герасимов/обелиск,c7c0a829d63e2c8638607b9f4fb96f240d9c03774e276ceadc021344187173ba
Владимир Самойлов,верлиока,data/raw_audio_data/Владимир Самойлов/верлиока,68b230fe86dbd16c6d30aabb8310473bc5dad3924e500805967ab7fee9b8e52b
Вячеслав Герасимов,хуторок в степи,data/raw_audio_data/Вячеслав Герасимов/хуторок в степи,5443ea74406ba600d65570e552a4d2fcc080adcaefa71054b6766ef364f68f49
Александр Чайцын,взять свой камень,data/raw_audio_data/Александр Чайцын/взять свой камень,2ea3e0509ed1bce9fb615622c041eb6b1a4b14969f9c3aa084ba61b3d5aef2b8
Евгений Терновский,первая любовь,data/raw_audio_data/Евгений Терновский/первая любовь,da993f987e82c9f425c86ea4b637eff1d12772b7aacf605e65fa0738f5e7437c
Николай Козий,огни на курганах,data/raw_audio_data/Николай Козий/огни на курганах,c67707cf1f196077c4860f0ba6cd0266f74a12422f0f90e687e6a53ea021bd8e
Вячеслав Герасимов,туманный берег,data/raw_audio_data/Вячеслав Герасимов/туманный берег,8bfc60636f7cb3bc5140619c1d2062fcba68d4b8b9a4787425ea5bbb9b23af3a
Елена Дельвер,секс без любви,data/raw_audio_data/Елена Дельвер/секс без любви,5929a67930900935d6ec7b982be7b0a4c5cce39f26f6b6f9e3ca494faa1ef248
Ирина Воробьёва,птицы небесные,data/raw_audio_data/Ирина Воробьёва/птицы небесные,53740cdcb0cacbab862996aed82886aaf8731561ea5072993af99a61be8f2caf
Евгений Терновский,полужизнь,data/raw_audio_data/Евгений Терновский/полужизнь,af5af039b6912074b0d66b6767bb33711b44041bd4a8c4c858aaa305b3824965
Татьяна Телегина,"дьюи. кот из библиотеки, который потряс весь мир","data/raw_audio_data/Татьяна Телегина/дьюи. кот из библиотеки, который потряс весь мир",5f1f99bf6f78785cee87065d76619f3b7470153ef4a63f89f8efda780623666d
Вячеслав Герасимов,обертон,data/raw_audio_data/Вячеслав Герасимов/обертон,0fa60238095832f252a73bf468cc3c17868aa43e3c3960fc66b6c7414fd608e6
Дмитрий Шабров,"фотография, на которой меня нет","data/raw_audio_data/Дмитрий Шабров/фотография, на которой меня нет",8e18d02e260181f5e9ec3d329baa0384bd3342f02c9eb7624dd2c449520f2380
Юрий Заборовский,записки врача,data/raw_audio_data/Юрий Заборовский/записки врача,2c2b955081951af72a850ce9a7bd5260a4514b302fc61bc8697a1275951b4eda
Сергей Кирсанов,ледяной сфинкс,data/raw_audio_data/Сергей Кирсанов/ледяной сфинкс,1be1158fdc1ef583d574e3eedb44c0fa48e2d60e1eef92f5c6df881d68209578
Ирина Ерисанова,"та, которой не стало","data/raw_audio_data/Ирина Ерисанова/та, которой не стало",0a37d21f1d4f3eb2407b5605e8517c075b7d79d95b23e6ab21c7f86035747ffd
Алла Човжик,потомственная ведьма,data/raw_audio_data/Алла Човжик/потомственная ведьма,2343ebbb963c74bf70d877402756eb2b6e0ebb4fd155a72f145697817092dbbd
Николай Козий,ада даллас,data/raw_audio_data/Николай Козий/ада даллас,dcc590b74bda0ae4d5ed00700d03ab7ca41288b9c335093786bc9d7dcd73a68d
Вячеслав Герасимов,железный дождь,data/raw_audio_data/Вячеслав Герасимов/железный дождь,a21a4a176a695626f337b04f0c87da0f9e0f148cbd1ac6c6f9d5a33212aed22e
Вячеслав Герасимов,дневник путника,data/raw_audio_data/Вячеслав Герасимов/дневник путника,1634988a152d9238090d86e8ad08f61ad9204b2fc9889374ea2dccc88b170970
Евгений Терновский,девяносто третий год,data/raw_audio_data/Евгений Терновский/девяносто третий год,6d5b2d7f626825a604341cc74b4bb38f06dbac543b126d8ebad2dd5551e540f1
Олег Шубин,ветер перемен,data/raw_audio_data/Олег Шубин/ветер перемен,27993915e4b84219877112f8c814799b23648be6ccc092da6a0083072330f7b1
Вячеслав Герасимов,на войне как на войне,data/raw_audio_data/Вячеслав Герасимов/на войне как на войне,e6d006f9d85e225e184798d3a73fe43209038cf84e15404028f9d9faf0cadce4
Надежда Винокурова,стрелец,data/raw_audio_data/Надежда Винокурова/стрелец,cb637426874b41cb15b17ec7bc072a29b2be9205605502b3d8c2c9cc86ad2ce2
Сергей Ларионов,прибалтийская мясорубка,data/raw_audio_data/Сергей Ларионов/прибалтийская мясорубка,efb235ab67dd763a7f56a658918cd0b2188edeb7206d9223ea030c35964bad7d
Алла Човжик,королевство кривых зеркал,data/raw_audio_data/Алла Човжик/королевство кривых зеркал,a619bd2a8e30e3f915b2f93724e9e50d4840f667d5576c5d09d6a89472e8ce25
Алла Човжик,ученица ведьмы,data/raw_audio_data/Алла Човжик/ученица ведьмы,eef8faed0809b16c0002438538744fd8c0c3570d1e39efa58d1ec57e4d0dd6d4
Сергей Ларионов,страна мечты,data/raw_audio_data/Сергей Ларионов/страна мечты,1b1020fca711c4928b2934ff2567369ff4f417e5ba279cd5aa5e2fd24079fce3
Вячеслав Герасимов,судный день,data/raw_audio_data/Вячеслав Герасимов/судный день,521a4d60d33da5fef5382260fbe66e2dfc739af2b4b9eef69c2235831fca0068
Юрий Заборовский,плацдарм,data/raw_audio_data/Юрий Заборовский/плацдарм,ab98917c49137e34ad2ea3097d7cab5f3a270d6b0fb17fd56c0e7b0505a975e2
Вячеслав Герасимов,что рассказал убитый,data/raw_audio_data/Вячеслав Герасимов/что рассказал убитый,ddfe192bf4aed0f4f1d11674ffa3debab1b0c435f86a16c095a7a536a5591a21
Александр Чайцын,ингви фон крузенштерн,data/raw_audio_data/Александр Чайцын/ингви фон крузенштерн,1d4baecde659164101b92a01243010ae61db4a4591bb6d5980fb63e6ce5a8b6d
Николай Козий,собор парижской богоматери,data/raw_audio_data/Николай Козий/собор парижской богоматери,9ac9baeea7167d80753e961e034d3b139d303adda7602c701632cf60b45fc9b7
Вадим Пугачев,будь здоров,data/raw_audio_data/Вадим Пугачев/будь здоров,04612b5e0aba7e8957c5c5c3308c0f498654364a00b51586929fee3c9cfc9c35
Сергей Ларионов,антисоветский советский союз,data/raw_audio_data/Сергей Ларионов/антисоветский советский союз,d49ec44cb00f529391255ba380e91ba137744e091905ac5126ef4a329160ac54
Сергей Кирсанов,ведьмак из большого киева,data/raw_audio_data/Сергей Кирсанов/ведьмак из большого киева,1e31e442ba18d1c556f1168a85575aab16d68a0f73bce01645b1d9799a0edc20
Дмитрий Шабров,трущобные люди,data/raw_audio_data/Дмитрий Шабров/трущобные люди,6bbcb9cc03a7145be90c0902c5965c04e627803eab91b5a95a9e3f339946d747
Вячеслав Герасимов,собор парижской богоматери,data/raw_audio_data/Николай Козий/собор парижской богоматери,9ac9baeea7167d80753e961e034d3b139d303adda7602c701632cf60b45fc9b7
Вячеслав Герасимов,все там будем,data/raw_audio_data/Вячеслав Герасимов/все там будем,10402f683262e7de80a5d3ae6a5fedcc4cad520e2e2e293c1f8f64fbf9b120fc
Дмитрий Хазанович  (Дим Димыч),охота на дикие грузовики,data/raw_audio_data/Дмитрий Хазанович  (Дим Димыч)/охота на дикие грузовики,788e03eaa6430a8805e0cc731e72f891ad6f662b6a3226f5fe86be5e7daaa092
Сергей Кирсанов,лицо неприкосновенное,data/raw_audio_data/Сергей Кирсанов/лицо неприкосновенное,46159ae8abbec329f5b76c0da23a63e64d95251f8cd6e2978c893cc38e3dc05a
Вячеслав Герасимов,претендент на престол,data/raw_audio_data/Вячеслав Герасимов/претендент на престол,a926d82191530eefb5405569febe3732d5f50cebe0e6da0ba5eb4677aa14248d
Вячеслав Герасимов,карантин,data/raw_audio_data/Вячеслав Герасимов/карантин,7e3c5733a25ac83973e0a26b58cc23a0f5b162aff9da0f91af3fedd4101273b0
Владимир Самойлов,"король, дама, валет","data/raw_audio_data/Владимир Самойлов/король, дама, валет",899441d3b2057f3cfe0122ff846fcec8c6306cc16559e31913406dfef6378272
Сергей Кирсанов,претендент на престол,data/raw_audio_data/Вячеслав Герасимов/претендент на престол,a926d82191530eefb5405569febe3732d5f50cebe0e6da0ba5eb4677aa14248d
Вячеслав Герасимов,время собирать камни,data/raw_audio_data/Вячеслав Герасимов/время собирать камни,302a7f138c197f093d9fd157aa46f2d50c194004d291b54c2afba5cfe1122987
Николай Козий,когда приближаются дали,data/raw_audio_data/Николай Козий/когда приближаются дали,0d3387d0c39ec035f8065b6a83d2ca03e946b83439ad4ea22c7bd5d3a19314b7
Евгений Терновский,в ловушке,data/raw_audio_data/Евгений Терновский/в ловушке,f9850816efaa9b3796a0b1d870665173a8e975a6069324243cab1d6bfd06c6b5
Игорь Князев,альфа большой медведицы,data/raw_audio_data/Игорь Князев/альфа большой медведицы,22651bf531b1c2be77c72250254d1e44a212fbcaa20eab45fb7bd9d4fa3c55e7
Сергей Кирсанов,покушение на миражи,data/raw_audio_data/Сергей Кирсанов/покушение на миражи,42859c4903eb81f11cb99dc1d8be826c70dd4b0bad1a3b7ab5912a7e2a89ac99
Евгений Терновский,белое проклятие,data/raw_audio_data/Евгений Терновский/белое проклятие,587e876a0b1d6096ea81487eaef4bcfeadc2fe04ffb0312242d17be9e1bc5202
Александр Карлов,одноэтажная америка,data/raw_audio_data/Александр Карлов/одноэтажная америка,c77fdf1b2bd1a86ea0e2eb6db66cd19ad5523b69e83cf866340f692f188314f8
Игорь Князев,бабочка на штанге,data/raw_audio_data/Игорь Князев/бабочка на штанге,ebae60bde7fd3bfc616bfced02bdc2173e8eea40721b7e4e99399e47a69e0225
Игорь Князев,бриг «артемида»,data/raw_audio_data/Игорь Князев/бриг «артемида»,1f16576c6215bc65065f854ec304f620bc0937f11985756df061ec2375293a31
Игорь Князев,взрыв генерального штаба,data/raw_audio_data/Игорь Князев/взрыв генерального штаба,849fa6b4e3f31568285df1a2320228d029bd51e47f1d1ca0308bfe7ff316394e
Игорь Князев,белый шарик матроса вильсона,data/raw_audio_data/Игорь Князев/белый шарик матроса вильсона,5ceb026c33204f238000561f1b71fb555333262822c75522157cc4fdef6178e0
Ирина Воробьёва,бабушкин внук и его братья,data/raw_audio_data/Ирина Воробьёва/бабушкин внук и его братья,8264bdc07354ff69673d999dfaa9730bb5d4c5893e9a0f07f18629b491a16160
Игорь Князев,выстрел с монитора,data/raw_audio_data/Игорь Князев/выстрел с монитора,120b23f1bb32f02ea36ce7f38e0491a23972f4b31666ae5cebeb82cd72d6afbe
Игорь Князев,звёзды под дождём,data/raw_audio_data/Игорь Князев/звёзды под дождём,035742772886884b2a84ce718de359413a631fa4d0d4281540587b8b18ef3983
Игорь Князев,застава на якорном поле,data/raw_audio_data/Игорь Князев/застава на якорном поле,696dd0ee447f0d2f1e189dc5145f6b8d61081efd20601b1858f5611f33f72681
Игорь Князев,дырчатая луна,data/raw_audio_data/Игорь Князев/дырчатая луна,9626859c2b3fc0ea558077412d87390cd0e3adab56f9d7c3565eb70d2704ee46
Вячеслав Герасимов,дагги-тиц,data/raw_audio_data/Вячеслав Герасимов/дагги-тиц,eb109b50727f922819dc0c4664098ca671d65a82237228a61888a61a0979ab79
Игорь Князев,ампула грина,data/raw_audio_data/Игорь Князев/ампула грина,e6b407976339ebd84eb1e433aaf50cfb0500d2160c7d594993226385ad33bd1e
Вячеслав Герасимов,семь дней творения,data/raw_audio_data/Вячеслав Герасимов/семь дней творения,11d72033fd9804ed3f48ba0cf408a4ea1b7713488b17a2e1dcce9d8e4dcf82a1
Игорь Князев,ковер-самолет,data/raw_audio_data/Игорь Князев/ковер-самолет,3689d227ec116d5d668d9c89b46a2c4d7c1e5d4f05250ceec7aee16cbe64f886
Игорь Князев,летчик для особых поручений,data/raw_audio_data/Игорь Князев/летчик для особых поручений,9444b7cddd34f7ed37156fa8f640445dfccd2a99d2e279e3c59be986e135aef0
Татьяна Телегина,колыбельная для брата,data/raw_audio_data/Татьяна Телегина/колыбельная для брата,1f4e340114da95ac1407f271268cd08148c59a9a4c5c91b5d1a055158e58c33e
Игорь Князев,крик петуха,data/raw_audio_data/Игорь Князев/крик петуха,efa4754236cf2964f52dc3027044f9e6bcadcfe7cc75451f1ccbdf6a1b98a787
Игорь Князев,лоцман,data/raw_audio_data/Игорь Князев/лоцман,7785c0980a766e033f59ca2ba08a964067cb87f81761ac58f52416e91a92bbe4
Ирина Ерисанова,наследство,data/raw_audio_data/Ирина Ерисанова/наследство,587c352dad1dc4553983d2bf71e78d5cf7873298b3b9f0165f4700cf6407fae6
Татьяна Телегина,оруженосец кашка,data/raw_audio_data/Татьяна Телегина/оруженосец кашка,6a59175cde487074f49d21158195a20d9ca95e8954bf7fd651af64ea3e41d17b
Ирина Воробьёва,"лужайки, где пляшут скворечники","data/raw_audio_data/Ирина Воробьёва/лужайки, где пляшут скворечники",64f91b1d8a8a6281f88de5cdec0a0894376aaa6b98bd1fdc1ae9f365072909fd
Сергей Кирсанов,земля имеет форму чемодана,data/raw_audio_data/Сергей Кирсанов/земля имеет форму чемодана,c61882a8f929b4115178c304687677923f2b2258f3871fe4352e29c814cd1002
Игорь Князев,струна и люстра,data/raw_audio_data/Игорь Князев/струна и люстра,cec20900128afb7cd54d776a3f4f4cc73a1b5136ed0addcdbf428a75c2631a52
Игорь Князев,прохождение венеры по диску солнца,data/raw_audio_data/Игорь Князев/прохождение венеры по диску солнца,224a54cc5871c2b5af6f5b14c7315c9f1a353a88ba3c777d11ef35f80a5ffd51
Игорь Князев,я иду встречать брата,data/raw_audio_data/Игорь Князев/я иду встречать брата,3b462ad21dabc80d666980638de2bc02b8a11f34edb9a36eb288da2250a714fd
Сергей Кирсанов,"задиг, или судьба","data/raw_audio_data/Сергей Кирсанов/задиг, или судьба",1a1b0f1a8eb84d0addc7f0b928d483181f86fc900ec4acb29475c25fc0e182ad
Игорь Князев,самолёт по имени серёжка,data/raw_audio_data/Игорь Князев/самолёт по имени серёжка,ab87696a6b5451b3f3ebe3230ef7e571ad5555b9385ff4b075e1d2dec23f7044
Олег Шубин,в стране солнечных зайчиков,data/raw_audio_data/Олег Шубин/в стране солнечных зайчиков,57b96efdc8e291042b58587c69f49f31750fcdada8990ef00aa4a32e85d327f9
Игорь Князев,прыгалка,data/raw_audio_data/Игорь Князев/прыгалка,39a6b8ffccc067f67838c100d272375becc6a3ca33240a07eec700e8a169d9bd
Игорь Князев,тень каравеллы,data/raw_audio_data/Игорь Князев/тень каравеллы,13577dd06855f8819416a2babb4f3ff03ada01cbf18de094433fe413ae38d423
Игорь Князев,"мальчишки, мои товарищи","data/raw_audio_data/Игорь Князев/мальчишки, мои товарищи",f70f3a33ef3d8429725af7130d1c978f3c30e6e74b7c4ca39d66db24e94e82c6
Игорь Князев,сказки о рыбаках и рыбках,data/raw_audio_data/Игорь Князев/сказки о рыбаках и рыбках,e84aeb958ae5831b6ce63eb98b9d259c4f1a840f79ac79e909b8b8c1de704d67
Юрий Заборовский,monpti,data/raw_audio_data/Юрий Заборовский/monpti,81cf904d6269fad0c9f3088598567f991ed332c767de0420abaae85738ece3db
Игорь Князев,любовь во время чумы,data/raw_audio_data/Игорь Князев/любовь во время чумы,921c22fa08c3de2968a76a011d84614a443a000aaec268b03f45c79cbb44ec4b
Вячеслав Герасимов,великий розенкрейцер,data/raw_audio_data/Вячеслав Герасимов/великий розенкрейцер,f82ff577ae4bb6f656d0794ea09678cbd234a98da02b48d9f789c8109a899f77
Татьяна Телегина,княжна острожская,data/raw_audio_data/Татьяна Телегина/княжна острожская,2ca3fcee9ac520ae8e4891bb63d807f10c70c9ebc62a8f59440077bb07d99f84
Вячеслав Герасимов,призрак замка тракстон-холл,data/raw_audio_data/Вячеслав Герасимов/призрак замка тракстон-холл,ab329ccbddcba7de72626dc71546709b51ad17ab8d65eaa2d7c73b6ad75b96cc
Николай Козий,дверь в чужую жизнь,data/raw_audio_data/Николай Козий/дверь в чужую жизнь,0c2830d1bd5f57df75cc32add417dbc8d998504eca3200dda8692176cce2af7e
Игорь Князев,мальчик со шпагой,data/raw_audio_data/Игорь Князев/мальчик со шпагой,9769f27ca56181ab747c119e338a88face9d1aeb2471eaca5298efe4273203d6
Игорь Князев,осень патриарха,data/raw_audio_data/Игорь Князев/осень патриарха,bdad6354e567e08fe3421f4ced5a63121df204c80075c9c1f17f1f37d31a460a
Вячеслав Герасимов,волхвы,data/raw_audio_data/Вячеслав Герасимов/волхвы,85df2d992429e62420b9c579fb532810ba6776bf75d100726db77b682a091300
Игорь Князев,наследники,data/raw_audio_data/Игорь Князев/наследники,382e660a8edcbc1b18689ffc9eac6b2e84ee6add4028ef89ce434e2a20fe55ca
Вячеслав Герасимов,конные варвары,data/raw_audio_data/Вячеслав Герасимов/конные варвары,94261a26dfcc06e1ad3b63cc52b74b78b183888641f136242f29b6fd1ad2e35e
Всеволод Кузнецов,этический инженер,data/raw_audio_data/Всеволод Кузнецов/этический инженер,69132d9335898d5da7097d304ec69701d6c7a96cb1785575aec2b12765acb1a2
Ирина Ерисанова,если я останусь,data/raw_audio_data/Ирина Ерисанова/если я останусь,c7515fe5d5d31bbc5a9f235d0415a8109f7e6ca5a51b9307cecb20482fb2b692
Сергей Кирсанов,ты нужен стальной крысе,data/raw_audio_data/Сергей Кирсанов/ты нужен стальной крысе,749b3ad2e7dab8cbed54900fe057b7493aba5ecf2ba3b5a88de835e01021df03
Ирина Воробьёва,молчание доктора мурке,data/raw_audio_data/Ирина Воробьёва/молчание доктора мурке,836c5070d73c4686bde8e116e5798e3d62ba1cfbbb9815939a4fe373f2578a00
Евгений Терновский,"женитьба стратонова, или сентиментальное путешествие невесты к жениху","data/raw_audio_data/Евгений Терновский/женитьба стратонова, или сентиментальное путешествие невесты к жениху",dd7bda125bd461de4ac975717397341676a4bc903c3a3e80b913a2cd739143c9
Вячеслав Герасимов,вещие сны тихого психа,data/raw_audio_data/Вячеслав Герасимов/вещие сны тихого психа,ac129bfc19f8559ee8fdd91b9fd99fc7008efb1b7e6f2b74e6e4addd3e0f7257
Евгений Терновский,глазами клоуна,data/raw_audio_data/Евгений Терновский/глазами клоуна,ff598bdc9716f08112721935961428d722aa6eaa4173a037427de9f6c68712a7
Сергей Ларионов,"билл, герой галактики, на планете роботов-рабов","data/raw_audio_data/Сергей Ларионов/билл, герой галактики, на планете роботов-рабов",f2f3d443ca43ace30aaa572fcb5df871b9cd76c009f65938572163f6023ba977
Николай Козий,без семьи,data/raw_audio_data/Николай Козий/без семьи,5297fb99c559079a6be75e501ca38fa389b42a41bd7dd90a13884e297fba222e
Евгений Терновский,карский рейд,data/raw_audio_data/Евгений Терновский/карский рейд,6d2efde6e9a1104dc72428986ca6f71ee81b2d65333bfff479e0190cb6cc767a
Вячеслав Герасимов,машина времени,data/raw_audio_data/Олег Шубин/машина времени,01fef52c8681e689a8972b9944aeeda9addb7ba7bc4cc78062c8c15d7cad0ba4
Татьяна Телегина,серебряная пуля,data/raw_audio_data/Татьяна Телегина/серебряная пуля,2d784851a4911e4e4eec88c92256f160cfe4148af6d8248920906f09976b021d
Николай Козий,машина времени,data/raw_audio_data/Олег Шубин/машина времени,01fef52c8681e689a8972b9944aeeda9addb7ba7bc4cc78062c8c15d7cad0ba4
Олег Шубин,машина времени,data/raw_audio_data/Олег Шубин/машина времени,01fef52c8681e689a8972b9944aeeda9addb7ba7bc4cc78062c8c15d7cad0ba4
Ирина Ерисанова,паломничество в страну востока,data/raw_audio_data/Ирина Ерисанова/паломничество в страну востока,5143ae990288e76f0c8ae35a1583a9e639c5b42244e0ebbf2df3e0a620ff8721
Владимир Самойлов,степной волк,data/raw_audio_data/Владимир Самойлов/степной волк,8aabb19ba5fe21f1fd488514ce610d904da66a404dd2135401eb86f778698b93
Татьяна Телегина,гианэя,data/raw_audio_data/Татьяна Телегина/гианэя,9b8f202332fde22c13f57b9d31b17f430ebb0a3b2f777ae018a39e23bb23b536
Ирина Ерисанова,игра в бисер,data/raw_audio_data/Ирина Ерисанова/игра в бисер,65430b816ee91069592ef9ea70dacb5c816fa4b0bc3db5232095b8a735494b5c
Евгений Лебедев,сапфировый крест,data/raw_audio_data/Евгений Лебедев/сапфировый крест,15e8b7970b3fceb418b5749ca7ecc9be69efa8ba5c10a16b08e12407d9113462
Александр Чайцын,не люди,data/raw_audio_data/Александр Чайцын/не люди,96ee5d93e24c01cd5161a4606285f9ed2fd7e47e4d2e5ec1132978b34a02db83
Юрий Заборовский,монт-ориоль,data/raw_audio_data/Юрий Заборовский/монт-ориоль,8e6d77b88af902db3c1960d62b2ba9f0eac7a4f8c67d294e98d13574af08b999
Юрий Заборовский,пьер и жан,data/raw_audio_data/Юрий Заборовский/пьер и жан,ba66537f37b85a5b1e9cd6db2abbaa330827eccb264e647629fc0b69fd130c55
Сергей Ларионов,каллисто. каллистяне,data/raw_audio_data/Сергей Ларионов/каллисто. каллистяне,9207abba858916ceaf490ea3aa5ead193649d72807e32e52a274579808fadde4
Вячеслав Герасимов,благослови зверей и детей,data/raw_audio_data/Вячеслав Герасимов/благослови зверей и детей,7baca007907d03df7948b6b4a1ab8d5ae7580edb013ceb90d715c464b677123b
Николай Козий,эра милосердия,data/raw_audio_data/Николай Козий/эра милосердия,7ab2ffe14ff6a08f2cb9261ba81d7ee1d890349376966183d8497de3081217c5
Вячеслав Герасимов,"человек, который был четвергом","data/raw_audio_data/Вячеслав Герасимов/человек, который был четвергом",babad0533bbd5a308b7f926d1f09e6c4a0a2aece6b4b01abcc5c1ba4d12aea12
Николай Козий,флетч,data/raw_audio_data/Сергей Ларионов/флетч,99c297627f5985439aef2569a72ea4df3e12d2edcc6ccd433bc4bb3096bdf6f3
Сергей Ларионов,флетч,data/raw_audio_data/Сергей Ларионов/флетч,99c297627f5985439aef2569a72ea4df3e12d2edcc6ccd433bc4bb3096bdf6f3
Юрий Заборовский,флетч в зазеркалье,data/raw_audio_data/Юрий Заборовский/флетч в зазеркалье,b67f8d1bc5f7533bf3ba47ebfa2db3493cfe599bf70a76198785ad79a3167523
Сергей Кирсанов,вопрос финклера,data/raw_audio_data/Сергей Кирсанов/вопрос финклера,28d6878b4a04c0c276ab457c9cf1a66bf8bcae1124ca8d02493929a2cdaa3506
Сергей Кирсанов,реалити-шок,data/raw_audio_data/Сергей Кирсанов/реалити-шок,6b3df4bab51b1794a0ad75b1c5001bc6fe4882226143853c657ef62d345f0078
Вячеслав Герасимов,мост над бездной,data/raw_audio_data/Вячеслав Герасимов/мост над бездной,a6bd33d4494a888feb8482b215927701f8c19b6ec360004a239518dc12333e8e
Вячеслав Герасимов,поиск,data/raw_audio_data/Вячеслав Герасимов/поиск,c349fb200ec45bbdd370956715133c734f5d5048fed807490e47d5edba591ec3
Сергей Уделов,князь мира сего,data/raw_audio_data/Сергей Уделов/князь мира сего,fb9f13f3fac0afab7caf972d4956983c914a9c9a0dd14278c4e0807ad003e1e1
Николай Козий,десятый,data/raw_audio_data/Николай Козий/десятый,007ea122416ff9ad48cd00731b4d81e3052edd14adb47ea1d000350e6bc0556a
Ирина Ерисанова,конец одного романа,data/raw_audio_data/Ирина Ерисанова/конец одного романа,555bf3f0761cf896c28f4864a85d4cd0c04769cea2b3b10aeb392fb3d96faeed
Ирина Воробьёва,24 часа,data/raw_audio_data/Ирина Воробьёва/24 часа,72c85037eb9b291928bf265b605db08c6da0cbf0b84a6f2bcc0190aac1ca8ca7
Ирина Ерисанова,по стопам господа,data/raw_audio_data/Ирина Ерисанова/по стопам господа,e44dc5978ba9f0f9d8511dcfe21914f6c9a7f7d6afb63757875eb55eab747376
Евгений Терновский,сила и слава,data/raw_audio_data/Николай Козий/сила и слава,a62e732d2a03209b0f97f0bd984f841b537090aa0b2e879465425054aff9e524
Николай Козий,сила и слава,data/raw_audio_data/Николай Козий/сила и слава,a62e732d2a03209b0f97f0bd984f841b537090aa0b2e879465425054aff9e524
Николай Козий,брайтонский леденец,data/raw_audio_data/Николай Козий/брайтонский леденец,06da65525de040545a64ab0099a71aa6e1ac8dc79383298f4790201552ec3dfb
Ирина Ерисанова,под местным наркозом,data/raw_audio_data/Ирина Ерисанова/под местным наркозом,bb936fa9bf140311048994cbbac388b45e824314ae7f0c2f76013adf1034de03
Надежда Винокурова,идиотизм наизнанку,data/raw_audio_data/Надежда Винокурова/идиотизм наизнанку,663beef48ba49daef4e98a7a23975b9a59561cc1a72a49a509cd95e8d24b3584
Надежда Винокурова,нежность,data/raw_audio_data/Надежда Винокурова/нежность,30048818c1ca923ad683d2150833e035f9e3cde8c4a7109caf2c2af3fe1a25c6
Вячеслав Герасимов,плих и плюх,data/raw_audio_data/Вячеслав Герасимов/плих и плюх,0bdd0b94d2218b858fbc63cadd1d6e3af3bd2336d132e3d75f35692c0343cf8e
Николай Козий,ночью все волки серы,data/raw_audio_data/Николай Козий/ночью все волки серы,c2bef91e88d467aaf1dc10dae3a14c150041d8b2cace4c5afeb87023de49dcf1
Вячеслав Герасимов,венера с пистолетом,data/raw_audio_data/Вячеслав Герасимов/венера с пистолетом,7662bed9e19c0e208c7f75cb9924dab91b7edbe05f76e94aeaefb11b19c37403
Игорь Князев,людоедское счастье,data/raw_audio_data/Ирина Ерисанова/людоедское счастье,fdfe2b7ed92b4b00235c66723b5bbdb46e85dfb7be825071a6901a1a32f16e6a
Ирина Ерисанова,людоедское счастье,data/raw_audio_data/Ирина Ерисанова/людоедское счастье,fdfe2b7ed92b4b00235c66723b5bbdb46e85dfb7be825071a6901a1a32f16e6a
Сергей Ларионов,республика шкид,data/raw_audio_data/Сергей Ларионов/республика шкид,5883d278c4e24a3a1b27a791b5a3c216a1cd1f70770e95fa35b9a4430cd72910
Вячеслав Герасимов,соль земли,data/raw_audio_data/Вячеслав Герасимов/соль земли,fdda744c81fbae5e859f8f68852eeb078954947e9a7e1d692cc94cc39f7bfdda
Юрий Заборовский,монахиня,data/raw_audio_data/Юрий Заборовский/монахиня,70b6500e2de7fc6536b76bfb0713eabda3a72adff923321c497c7ef7367cb669
Владимир Левашёв,тайна двух океанов,data/raw_audio_data/Владимир Левашёв/тайна двух океанов,0f7eb7125bbfc4664b13a9a2a767a108e571bf9779313e9a4f2cfb91be3c64bb
Вячеслав Герасимов,адъютант императрицы,data/raw_audio_data/Вячеслав Герасимов/адъютант императрицы,a593de7d4bda4c471c8afd41befacd6907abdb28499d7bd87e0db8fd6f322c61
Евгений Терновский,божественная комедия,data/raw_audio_data/Евгений Терновский/божественная комедия,56220792809ce0f6a2d1ed1746241b625f3a69f07e6944ad2a92e001575f6bdf
Вячеслав Герасимов,картина,data/raw_audio_data/Вячеслав Герасимов/картина,cee31c1230bc8ad9ca9ede72eaf788361189b56b2fc5425e17356120b461fffb
Ирина Воробьёва,леди-босс,data/raw_audio_data/Ирина Воробьёва/леди-босс,27f7c57c60d9c1693052d270b937a36d4aec526d7e411543629adee23a86a5e8
Юрий Заборовский,паразиты,data/raw_audio_data/Юрий Заборовский/паразиты,2ee622b1cbfe79ad0f4748f9cbf31dc9df55f4ad1699a9e730ae8fed8d9698dd
Вячеслав Герасимов,глоток перед битвой,data/raw_audio_data/Вячеслав Герасимов/глоток перед битвой,21ea53d76535fce32291360360e114a1f36d46642c7a7f1d6b21699c3d9a6fd7
Ирина Воробьёва,леди-бомж,data/raw_audio_data/Ирина Воробьёва/леди-бомж,d68b7dbac2e9c88327967d2c4fbb2dd12a484a10b3f2a5e77ff55c9a15aea393
Ирина Воробьёва,святыня,data/raw_audio_data/Ирина Воробьёва/святыня,c82d89249c1ec36dd5fea6109cd9db3dda029782437cf34a2e1898bd7cb138a8
Ирина Ерисанова,мистик-ривер,data/raw_audio_data/Ирина Ерисанова/мистик-ривер,51a8174a7575aa4c1e78372826fa34d147a223ff8b8241aac3fcb062f9ae64f2
Ирина Ерисанова,"дай мне руку, тьма","data/raw_audio_data/Ирина Ерисанова/дай мне руку, тьма",23cf4822a7d28bde82f57df753d754200e676f082f16ea919b5d5b0e015931fb
Сергей Кирсанов,настанет день,data/raw_audio_data/Сергей Кирсанов/настанет день,56bb2a7642f3aa7440cf524d53febe2254fb0dbe31c2f140becb79eff1d9faff
Александр Клюквин,гарри поттер и философский камень,data/raw_audio_data/Александр Клюквин/гарри поттер и философский камень,a9c185f2021162a30239e43c3b83bf6d2476194143dfedc11c617f532cfc323b
Юрий Заборовский,гарри поттер и философский камень,data/raw_audio_data/Александр Клюквин/гарри поттер и философский камень,a9c185f2021162a30239e43c3b83bf6d2476194143dfedc11c617f532cfc323b
Александр Бордуков,джип в телевизоре,data/raw_audio_data/Александр Бордуков/джип в телевизоре,7c837ba3f7ef588d19bdf80ad971d50cd08b2d91a855d5b461383e3021b897d6
Александр Клюквин,приключения чиполлино,data/raw_audio_data/Александр Клюквин/приключения чиполлино,38153d69024608499c45567780ba7b2402fe20744c161ecebeddd1bdc0715b32
Вячеслав Герасимов,пистолет,data/raw_audio_data/Вячеслав Герасимов/пистолет,0fdbe51e884dfed519185ffa956edbcbbdc49da38db8725c157c408b3b5130a9
Вячеслав Герасимов,однажды,data/raw_audio_data/Вячеслав Герасимов/однажды,64bc5b00c498e31d19211a13a97f3180b5f2282d41d38792916bd37e9de03d8b
Юрий Заборовский,торговец смертью,data/raw_audio_data/Юрий Заборовский/торговец смертью,5e7c626b0c904ce412ee73a8222f9d486afc42d87a438be9a22552bdb65cddaf
Николай Козий,"тим талер, или проданный смех","data/raw_audio_data/Николай Козий/тим талер, или проданный смех",ee87c0ce2ad6b5aaf44c9b896d4f7bca43f196adeaa1d13640d29bb06b4a785c
Алла Човжик,случайная вакансия,data/raw_audio_data/Алла Човжик/случайная вакансия,ce9ca6173a8499e4856d672d9e3c3e701fa41f4ca2f66627d5ca1c5d1eb9b1fe
Ирина Воробьёва,лондонские мосты,data/raw_audio_data/Ирина Воробьёва/лондонские мосты,bc3f0e25e1d8ce18590edef07d13debda4f4dea091876367bc762f3a8f8bc619
Александр Клюквин,гарри поттер и принц-полукровка,data/raw_audio_data/Юрий Заборовский/гарри поттер и принц-полукровка,58a1a9a9e1e6048ec69c1abcd3c26ff8ddb68f98b84222cc949e639900efe14a
Сергей Ларионов,поверишь этому - поверишь всему,data/raw_audio_data/Сергей Ларионов/поверишь этому - поверишь всему,701b89829131f2b4ae843b65c7b8dd203b7123c3b1ed09fb9814549621460fb5
Сергей Кирсанов,перстень борджа,data/raw_audio_data/Сергей Кирсанов/перстень борджа,e96f618b19aff22e45850d8c598095197df353c3490c9a0898ffe4b4244bbdaa
Евгений Терновский,мертвые молчат,data/raw_audio_data/Евгений Терновский/мертвые молчат,b11e03d677514431e3e821947aff7f5c6f4ceb48a00bae0c0b94b716e9955422
Владимир Самойлов,это - мужское дело,data/raw_audio_data/Сергей Ларионов/это - мужское дело,bc3049faab1820d3ac0a62af33455ca4567679777cb1a079959b0d367fd5f268
Сергей Ларионов,это - мужское дело,data/raw_audio_data/Сергей Ларионов/это - мужское дело,bc3049faab1820d3ac0a62af33455ca4567679777cb1a079959b0d367fd5f268
Вячеслав Герасимов,"хитрый, как лис","data/raw_audio_data/Вячеслав Герасимов/хитрый, как лис",af46dbbbf28254f72f907912c02752529f71ac7a9dee0847184c720a2c7ffb02
Сергей Кирсанов,секреты лос-анджелеса,data/raw_audio_data/Сергей Кирсанов/секреты лос-анджелеса,b2b330cb8c1cd964480ee2dcd895eccf15f8bd4615282e2dc49e8e697105de4a
Вячеслав Герасимов,прерия,data/raw_audio_data/Вячеслав Герасимов/прерия,3f6f1f527f222afd767373c08a3b87bdc1e2bdae8642ebe1d0cd1447197e62d6
Вячеслав Герасимов,чувство и чувствительность,data/raw_audio_data/Вячеслав Герасимов/чувство и чувствительность,788c3c4953504e18bbc89b75fa9a5b3ad6bbf8e5b8c2595a0740013dd5d17829
Игорь Князев,меж двух времен,data/raw_audio_data/Игорь Князев/меж двух времен,5dc71014cfc737321711cac789c023b99a66a0c1d0e4e0e41f42c793b37d7c2c
Александр Клюквин,гарри поттер и кубок огня,data/raw_audio_data/Александр Клюквин/гарри поттер и кубок огня,e0fae5097464d5837c14785651c53c480e73bf31ae8727f8cbccc7d5b18dd999
Александр Бордуков,пирушка с привидениями,data/raw_audio_data/Александр Бордуков/пирушка с привидениями,af44a8bbb9c160182935594b9c0c88dedbde36272b0289bcea62a15e563e87c8
Ирина Ерисанова,звери в моей постели,data/raw_audio_data/Ирина Ерисанова/звери в моей постели,a34a8c2cb51d518a88b533fecd1f6484385ffedc457b604bb1fd311f464b6582
Юрий Заборовский,гарри поттер и принц-полукровка,data/raw_audio_data/Юрий Заборовский/гарри поттер и принц-полукровка,58a1a9a9e1e6048ec69c1abcd3c26ff8ddb68f98b84222cc949e639900efe14a
Евгений Терновский,над пропастью во ржи,data/raw_audio_data/Евгений Терновский/над пропастью во ржи,19ae3c4c2404eb523476aaafc8ba29b8763590ae67b61b5eecad5db7d8c41ffa
Вячеслав Герасимов,орел улетел,data/raw_audio_data/Вячеслав Герасимов/орел улетел,a2bdf2e7b876be097d86c7765cf53b9ba193a5c79e90fea2a1a049df4c36e6cd
Ирина Ерисанова,гений,data/raw_audio_data/Ирина Ерисанова/гений,f5db4e223497c8408fb7211e3fc5c8f51fc8b320e2ec65d4c01ef469be7627c1
Александр Клюквин,гарри поттер и дары смерти,data/raw_audio_data/Александр Клюквин/гарри поттер и дары смерти,ba317aabb00ed02334b916de1ba13d77495a53128c683af348b205301d8e3576
Сергей Уделов,дорогой друг декстер,data/raw_audio_data/Сергей Уделов/дорогой друг декстер,1605208b92224f349f7fe180cb5cbfae07cc25b7f7fe688e21b9c15c1cc8bf86
Вячеслав Герасимов,юбилей ковчега,data/raw_audio_data/Вячеслав Герасимов/юбилей ковчега,a2b16a5c51ee39123610bd03ca32d1f2fc77141465d5ceb8f957717dad87926e
Ирина Ерисанова,"спи, бледная сестра","data/raw_audio_data/Ирина Ерисанова/спи, бледная сестра",dacd9db8398d7df50bc8c2310c15324fce69685f3e78f4c1f87b67a3721702a5
Алла Човжик,серебристая бухта,data/raw_audio_data/Алла Човжик/серебристая бухта,5cbe76af93725eaf7a2d456ec333743b4f179cbbaa33e830108b8c997dc9b649
Алла Човжик,всё та же я,data/raw_audio_data/Алла Човжик/всё та же я,c157d628e1585c238fb00964321cbcf1ae41af4c018897fcd8801fb1c0d87b3e
Николай Козий,душной ночью в каролине,data/raw_audio_data/Николай Козий/душной ночью в каролине,679ca80dc797c5cf3017b3efe71d8d2e328ba99d1d2035f3c59c37bcc2f0f3c2
Сергей Кирсанов,похищение,data/raw_audio_data/Сергей Кирсанов/похищение,098dd33ee05dddad4d228c26d5e030879db96d5b5225efe963695765b8630a4e
Евгений Терновский,новые центурионы,data/raw_audio_data/Евгений Терновский/новые центурионы,543e5c81cafc660251572d694b4f6be30472f46fb405f1fa5fee2e12118552dd
Сергей Кирсанов,спящая кукла,data/raw_audio_data/Сергей Кирсанов/спящая кукла,4df2f2751a8ebc9f9076c42f801ced12fe49f260707367ffb16af3a503c35bdf
Евгений Терновский,темный цветок,data/raw_audio_data/Евгений Терновский/темный цветок,44dcc9393ca5c88ca551934fbca8ef53b67387f9c7a5284d1c6c96a82af181d5
Ирина Ерисанова,апелляция,data/raw_audio_data/Ирина Ерисанова/апелляция,b5bc7f29b5d8a0672d5bf0908de63fb4825f0b37ce63d89272cbdc914b4141a2
Игорь Князев,блюстители,data/raw_audio_data/Игорь Князев/блюстители,16a5066c28d1bfd7fb6a30bc7d7b76dcdf09ad214e411e39a22ca41984c76209
Игорь Князев,питер пэн должен умереть,data/raw_audio_data/Игорь Князев/питер пэн должен умереть,66215d7d4bfc87e38a792b7a12427d031e37490cf6160cfa7979d5c20f09772c
Вячеслав Герасимов,собиратель костей,data/raw_audio_data/Вячеслав Герасимов/собиратель костей,05666db77bdc61f1fbf620b836e037e6248b2556efa3c3e7915e778bc0070a89
Игорь Князев,загадай число,data/raw_audio_data/Игорь Князев/загадай число,55c97c26fa3fb79c814e1b806bca149ddfdb14aebf11e4ea91e057adcb8e342d
Леонтина Броцкая,похищение. теодор бун - маленький юрист,data/raw_audio_data/Леонтина Броцкая/похищение. теодор бун - маленький юрист,813733dc7cb8c2ada2b2a5e9c62f3dc84634225f50c1ea5fcbe50f3d110330b3
Игорь Князев,зажмурься покрепче,data/raw_audio_data/Игорь Князев/зажмурься покрепче,1e98a280d058759b98fdcb99f7f4a92e7e66ff686db413ab99be2ce151c449f6
Надежда Винокурова,покрашенный дом,data/raw_audio_data/Надежда Винокурова/покрашенный дом,013025a26196d3adcba12ae57e031d88bb433b32b32ae17205fd80f793ebd545
Ирина Ерисанова,юрист,data/raw_audio_data/Ирина Ерисанова/юрист,b807258e5bb675201fe812097868f298de9410895a7f5c93c7417a5be65ba883
Сергей Ларионов,автострада запредельности,data/raw_audio_data/Сергей Ларионов/автострада запредельности,6642c46b883b406ef3d4ab6e535e91df9b7c5be1c794f7efafbe237ecbbeaf33
Сергей Ларионов,дорогой парадокса,data/raw_audio_data/Сергей Ларионов/дорогой парадокса,764035a780a37200529a91c97188ca921e16a30056261da0ac21316631db778b
Сергей Ларионов,космический дальнобойщик,data/raw_audio_data/Сергей Ларионов/космический дальнобойщик,dd87d8863052ef18ca0d7ddd09151548898fa28d01bc568c91f87ff6d48a56fe
Игорь Князев,время прощать,data/raw_audio_data/Игорь Князев/время прощать,efb4b9d3a359033edd8dc42b56b682dfdcb26f5545f316c11c0577d5052fede4
Вячеслав Герасимов,согнутая петля,data/raw_audio_data/Вячеслав Герасимов/согнутая петля,3a85cd20b3ac8866bd72b457df947f3c266764369732cf923155d82c7696c87b
Сергей Кирсанов,восьмой день,data/raw_audio_data/Сергей Кирсанов/восьмой день,e74feba22b611c57fb8a99fc206651d608fcb3c51df32049a1b85c85540b606b
Николай Козий,убийство по-джентльменски,data/raw_audio_data/Николай Козий/убийство по-джентльменски,a7ae54a12e8dfee340083c690117b19a2199ad754b7373802b5088f003425d99
Ирина Ерисанова,код бытия,data/raw_audio_data/Ирина Ерисанова/код бытия,61cbd3f33e1633887766691d4486c39b9f169f789873bfc4c2ca3ec41e7b6e80
Игорь Князев,the one. единственный,data/raw_audio_data/Игорь Князев/the one. единственный,44d9b38e4636c06874bafd9938b77100db97fced21126942798a8af682f37c6a
Вячеслав Герасимов,мистерия убийства,data/raw_audio_data/Вячеслав Герасимов/мистерия убийства,093d9bdc3ce8acadd31140e5f59580981b69952326261264bab3840100e3ceb2
Вячеслав Герасимов,зима тревоги нашей,data/raw_audio_data/Вячеслав Герасимов/зима тревоги нашей,7a0bec39e9e1c51079757a7ab3bb7e8e37a21a17162dd42517a55da4579fb59e
Вячеслав Герасимов,"шпион, выйди вон!","data/raw_audio_data/Вячеслав Герасимов/шпион, выйди вон!",409df18b562b533ad2c49178ef8a5affd82d21a7e14a5f6f7ff254cf45a9471b
Леонтина Броцкая,прикосновение к любви,data/raw_audio_data/Леонтина Броцкая/прикосновение к любви,ae568404cab40563a75decc474e44304dd1ed0c5024a7a53e1c78b650bbfec79
Ирина Ерисанова,призрак автора,data/raw_audio_data/Ирина Ерисанова/призрак автора,fcab25acdb3de6d5bec77f6f0a957a9dd31d86bc61c98af7c6ed994541a5bd88
Ирина Ерисанова,страна смеха,data/raw_audio_data/Ирина Ерисанова/страна смеха,0e8eaeb6db345d511683e83a93d260ed0cd37f914e20873a0725e986577d04ff
Вячеслав Герасимов,дон жуан,data/raw_audio_data/Вячеслав Герасимов/дон жуан,0da9e4981b964b9fc97ff675ae5f08727ae465271dae642c02f5fc6dc5729345
Ирина Воробьёва,дорога тайн,data/raw_audio_data/Ирина Воробьёва/дорога тайн,b654483ca34f51f4910d1817586b791e8268cc624a70b7c12906149cb4251c8a
Владимир Левашёв,гроздья гнева,data/raw_audio_data/Владимир Левашёв/гроздья гнева,d9734b15864bf95ea21dbd5b8c8bc6dc8e25bba4cd5c88736f060eda2a7ebe76
Николай Козий,1984,data/raw_audio_data/Николай Козий/1984,5db1ea72e3e3fbbae78de1ff3c3915e8f9be41e23aaaf43d90af1c05d62ba014
Вячеслав Герасимов,нарисованная смерть,data/raw_audio_data/Вячеслав Герасимов/нарисованная смерть,b0b034ce12bd9e2820604171182be0b0c1cc415e0d8ba2ae4232798a1d38f961
Павел Конышев,гроздья гнева,data/raw_audio_data/Владимир Левашёв/гроздья гнева,d9734b15864bf95ea21dbd5b8c8bc6dc8e25bba4cd5c88736f060eda2a7ebe76
Надежда Винокурова,глядя на солнце,data/raw_audio_data/Надежда Винокурова/глядя на солнце,ebd88611648a66309597bc6e4d11fc78409ca2bf243bfa2d2e76577818e33c01
Ирина Воробьёва,"до того, как она встретила меня","data/raw_audio_data/Ирина Воробьёва/до того, как она встретила меня",65700d0c1f79e19e39caaaad42b55bcf94f6c81ac554e769335b0aa841826e29
Ирина Ерисанова,метроленд,data/raw_audio_data/Ирина Ерисанова/метроленд,f2e0a09ecb7534b867e82c7e415af94c0c5ff31bf0976c3c1ec953662dd787eb
Ирина Ерисанова,мир от гарпа,data/raw_audio_data/Ирина Ерисанова/мир от гарпа,48ea5236049247a434d9e5edf1cd1f2fa20c26084374f9554708ad61e156fff8
Надежда Винокурова,лавандовое утро,data/raw_audio_data/Надежда Винокурова/лавандовое утро,f008e8f3d06b1bd9a3e85637cdca00942530fc8b6e8e09df40219668c9c0b547
Наталья Фролова,леденящее пламя,data/raw_audio_data/Наталья Фролова/леденящее пламя,46ae83c3814c79623d438c3a62b6cdaea33bfca5f370dc964f5131cf6fecdcba
Александр Клюквин,гарри поттер и орден феникса,data/raw_audio_data/Александр Клюквин/гарри поттер и орден феникса,d9350fee02b9253563db915d3c36623874533fb30d312817cd0484d261fb3cd5
Ирина Ерисанова,запредельная жизнь,data/raw_audio_data/Ирина Ерисанова/запредельная жизнь,f784c359c577a3df9db2815bc0b02d860ed564aa408c65e3dd5d6926d9dc8596
Игорь Князев,волк с уолл-стрит,data/raw_audio_data/Игорь Князев/волк с уолл-стрит,5855b625e0dd9c341cb11411181c03ff2cfdf796d453306677db4742bbf961c8
Юрий Заборовский,зимняя луна (ад в наследство),data/raw_audio_data/Юрий Заборовский/зимняя луна (ад в наследство),d54f93364806bd83a7c813b95489d9858f7b4c19b258f860610b0d6280613207
Юрий Заборовский,ангелы-хранители,data/raw_audio_data/Юрий Заборовский/ангелы-хранители,80c6cfa3b162d2c48595c250f271ffd9a84864b5b535581525aa6e89fe8818ae
Вадим Пугачев,фортификатор,data/raw_audio_data/Вадим Пугачев/фортификатор,5e6b3c0bc7d7eb26f028e6a38b541f1c364922c58e272bf9814036ec6ce1203f
Вячеслав Герасимов,добрые друзья,data/raw_audio_data/Вячеслав Герасимов/добрые друзья,7320311d4e916d1db06351a3145ca0764fffc7ac6b0bdab698f6c6fb05b9f672
Юрий Заборовский,скованный ночью,data/raw_audio_data/Юрий Заборовский/скованный ночью,0465f7ecaebc0dd404006f9411a665de9d19b605db4114d3a5774d39fd0a8895
Юрий Заборовский,испытай себя,data/raw_audio_data/Юрий Заборовский/испытай себя,f8307cad3f703c2b265047a51334cb70eac6f2a4dd2feb9011e8c4624e03d196
Юрий Заборовский,ночные шорохи,data/raw_audio_data/Юрий Заборовский/ночные шорохи,97e9770d80d4b7cedd80eb953a6010798696fd3d7af7a97fae09c3499f96e565
Вячеслав Герасимов,ворон. тень заратустры,data/raw_audio_data/Вячеслав Герасимов/ворон. тень заратустры,2810b6dc779b5aedd269c1a9531f7f190fdcfffa386691eb591eeb44212ab91f
Ирина Воробьёва,мой бедный йорик,data/raw_audio_data/Ирина Воробьёва/мой бедный йорик,2a6add40d4cee9d2da2e3296140f3b33f06fdd0decde28b4fcc36a8da5b122db
Юрий Заборовский,скитания ворона,data/raw_audio_data/Юрий Заборовский/скитания ворона,4429bff3e689e64906d40a8527b74731ac8c51f3999b8876f29b1eb62e67f0b9
Татьяна Телегина,карта императрицы,data/raw_audio_data/Татьяна Телегина/карта императрицы,9a28373eb982d7071a9833c2bd57fdcb2e67851d71285e85d2d7b2e808876770
Вячеслав Герасимов,отражение ворона,data/raw_audio_data/Вячеслав Герасимов/отражение ворона,47d2235c2a1a3a090832c7ca7ccf5e8fcd5af7a0c24996510ad6c788f103290c
Вячеслав Герасимов,опустошители,data/raw_audio_data/Вячеслав Герасимов/опустошители,cefbf75bbac41c1c6b74d69116b5549f012d9a738cfff7773915a55a5fd4ac02
Ирина Воробьёва,всякий капитан - примадонна,data/raw_audio_data/Ирина Воробьёва/всякий капитан - примадонна,fb91e48c9782d421c010ffae380b2fae1d7f60c2214dcce1cd6481c0c3ab7a6f
Александр Чайцын,ловушка архимага,data/raw_audio_data/Александр Чайцын/ловушка архимага,c13d4b2301ce070b04d93057897441a132cd1bd09bcdd7f1573d63371595ff6f
Вячеслав Герасимов,усмирители,data/raw_audio_data/Вячеслав Герасимов/усмирители,c3bbc5cb0951a814d9f7aa21a921b11a3afd5d8b467d378d21ce746a0abd015e
Вячеслав Герасимов,шантажисты,data/raw_audio_data/Вячеслав Герасимов/шантажисты,c0eb846f27d8f8f64e890560e780c300d7f6f3fabb90dc8ffd70e1c7939bb5af
Сергей Кирсанов,медвежий замок,data/raw_audio_data/Сергей Кирсанов/медвежий замок,71078722d58f48bab5ff6a7582b71d399c313d1752c9902dbb128af9dc935c25
Леонтина Броцкая,расщелина,data/raw_audio_data/Леонтина Броцкая/расщелина,631bc974afde454605f2f363b3ab44f265b3ba4f3c1f959d96a7b807aec3d50b
Александр Чайцын,проклятый изумруд,data/raw_audio_data/Александр Чайцын/проклятый изумруд,bf34de6f338ff2da8d992c8dfeefa52ca49bd0511f7c5e0ba153e387b721ffe2
Татьяна Телегина,пятый ребенок,data/raw_audio_data/Татьяна Телегина/пятый ребенок,0964943d3b2d6282cc3f5fbc040c14758427d0a2da53b3bb8237700c528369cd
Олег Троицкий,командировка в ад,data/raw_audio_data/Олег Троицкий/командировка в ад,5280a6e4b4d55f033ddd61ee97632fd11f9dacdeaeb084d62356db8a7660172c
Сергей Ларионов,в основном безвредна,data/raw_audio_data/Сергей Ларионов/в основном безвредна,bfb9fdd33638e0ae129909ec7738c557c976443a98785b120124b2449fbf93e1
Юрий Заборовский,крик ворона,data/raw_audio_data/Юрий Заборовский/крик ворона,24e7a1cf340156b620ccb0dbc0816957b6753ff812b5881a1069a5ee155cae35
Вячеслав Герасимов,конец игры,data/raw_audio_data/Вячеслав Герасимов/конец игры,08feb16a9fb9f7501d97a881905c37e5bbad1a5a1daee38f37492f87faff655d
Сергей Кирсанов,танец смерти,data/raw_audio_data/Сергей Кирсанов/танец смерти,364b01518427087f31907d772f976da8abfdbeae36b892760290a2ef8bd6d44c
Сергей Кирсанов,реликт,data/raw_audio_data/Сергей Кирсанов/реликт,f8af05bca20880102fe3e912231002ba0eeb601cbf69cdcf63f78d01a07cff77
Сергей Кирсанов,последняя миля,data/raw_audio_data/Сергей Кирсанов/последняя миля,fbd4ebf357df9c5568a2d4c1df405255e21cef985f4ad9cad705aab0ca26309f
Вячеслав Герасимов,огненный шторм,data/raw_audio_data/Вячеслав Герасимов/огненный шторм,b9f8faf2e6a9da476e71897a28e0221fa7081f1a1a358f8db51ecbf750414250
Юрий Заборовский,тотальный контроль,data/raw_audio_data/Юрий Заборовский/тотальный контроль,5b76a305cc6e8ea82c9a15bb6770ab10969fec8f3e34ca9410cbb688e402e2a9
Вячеслав Герасимов,натюрморт с воронами,data/raw_audio_data/Вячеслав Герасимов/натюрморт с воронами,9db41607c1a01f24610931eb94cd40a7d1e91eb5c7c5fd82c8d3f32777757598
Вячеслав Герасимов,торговец кофе,data/raw_audio_data/Вячеслав Герасимов/торговец кофе,70cf8152b001801614a20e3eb1f3a0fbdc4c042428b187abb7a48f1cd193e87c
Сергей Чонишвили,тайная история,data/raw_audio_data/Вячеслав Герасимов/тайная история,99ce8903b3f14b1b0b9c951192ee34c6e7ed7078b0b9f7778810e70bad9e7979
Сергей Кирсанов,маленький друг,data/raw_audio_data/Сергей Кирсанов/маленький друг,27ab2eecacf33c2cdf1c8d6f5ae57e25bb072295e3e3e9eb060e7fae71b3b79e
Сергей Кирсанов,заговор бумаг,data/raw_audio_data/Сергей Кирсанов/заговор бумаг,dd5a6785cca4f70d8aa0cf90e69a5d23aa6a2de174d1048b98b6d206c1e8a051
Вячеслав Герасимов,заложник №1,data/raw_audio_data/Вячеслав Герасимов/заложник №1,80f36ac94f2c1c8eff281c0b5ae325066a0143238e95c7fee514034d5623979c
Вячеслав Герасимов,убийца по прозвищу англичанин,data/raw_audio_data/Вячеслав Герасимов/убийца по прозвищу англичанин,96945cfb81388b049c81bea5b3e1aa282be0b6619a66628c0ca074e40b916bd1
Дина Бобылёва,один день,data/raw_audio_data/Дина Бобылёва/один день,61ee32f4b09745356247f11cc6c7f03922a246605e7900a19ac2d96d106e75f8
Ирина Воробьёва,человек без лица,data/raw_audio_data/Ирина Воробьёва/человек без лица,1899748044e86ff81b729d816d69e9933f1d798c26a4971f741de42ff848b173
Юрий Заборовский,в стране заходящего солнца,data/raw_audio_data/Юрий Заборовский/в стране заходящего солнца,0cd93fcfd4c775666a13133843df196c92e324c886443a251dd3aefd6b2cfc7a
Вячеслав Герасимов,бич божий,data/raw_audio_data/Вячеслав Герасимов/бич божий,019103bb745b07c9ba1add5ce23e782b3c51bab0fd931aee21162833aa7a8d0d
Юрий Заборовский,проклятие дейнов,data/raw_audio_data/Юрий Заборовский/проклятие дейнов,b083357cbe8fc98ae55349d9c238f701c34a820b9d239caa65a420ebd9e66b63
Игорь Князев,с нами бот,data/raw_audio_data/Игорь Князев/с нами бот,2ae9109431516a010a57860d59fb48342f00d375b777188b17f655e84034ef04
Вячеслав Герасимов,множественные умы билли миллигана,data/raw_audio_data/Вячеслав Герасимов/множественные умы билли миллигана,fb6b42951c63ff0771d1c15a4dc719417e9fa8addf9e1bfb4fb46cc95b6e0b9e
Вячеслав Герасимов,хроники птеродактиля,data/raw_audio_data/Вячеслав Герасимов/хроники птеродактиля,5d389b3a918e3b0bdf5fd261fe8ef6b94ca03d74f7bd2954c2124f710b2a375f
Вячеслав Герасимов,проснись в фамагусте,data/raw_audio_data/Вячеслав Герасимов/проснись в фамагусте,2e8726b860a0d2762d7473e00bfe1ccd37d9125a9a559041b5155010b34dc968
Игорь Князев,глупая сказка,data/raw_audio_data/Игорь Князев/глупая сказка,fe549d11ac742ee356f5032a343eb19ccbb1a64f99b3fb5834471dfeefea8c0f
Николай Козий,проснись в фамагусте,data/raw_audio_data/Вячеслав Герасимов/проснись в фамагусте,2e8726b860a0d2762d7473e00bfe1ccd37d9125a9a559041b5155010b34dc968
Леонтина Броцкая,блуждающая звезда,data/raw_audio_data/Леонтина Броцкая/блуждающая звезда,f7ebe8cca2e75a539351f0083d098eae50e97cef94de23fb4e63174f3dc9428c
Сергей Ларионов,черный ящик цереры,data/raw_audio_data/Сергей Ларионов/черный ящик цереры,524ec5072a8c82423f6c848313294111328b92e90e054581e6daabc451e5be2f
Евгений Терновский,фокусник,data/raw_audio_data/Евгений Терновский/фокусник,596d94a1ce67b524568618b49eea9d7abf973fafcf66eab780a5527f6ec77a6d
Ирина Ерисанова,исповедь никола,data/raw_audio_data/Ирина Ерисанова/исповедь никола,8db8a9eb2ebb6ac1d203c1a575172a2f2665ef1342ba3fa4dda88d69f52b4d55
Игорь Князев,тряпичная кукла,data/raw_audio_data/Игорь Князев/тряпичная кукла,a38bc989d9d8f7051d50de093bca71d1dc6a21e137d7451c29336050953726dc
Дмитрий Шабров,голубая комната,data/raw_audio_data/Дмитрий Шабров/голубая комната,03830a0638436fb232c728e8360d6adf07b6f443b94ce8d2cce3513ffcb3f8c5
Вячеслав Герасимов,мегрэ и виноторговец,data/raw_audio_data/Вячеслав Герасимов/мегрэ и виноторговец,d1d4faf088e08e6971f4bfe7b819c29a9061ef1041ad2f3c2891a55d9e4eee7b
Евгений Терновский,каменный плот,data/raw_audio_data/Евгений Терновский/каменный плот,3531d872029c9ca388bfc9cb876b55584a6f9739506e4ba9c650d69916363c04
Сергей Ларионов,петерс латыш,data/raw_audio_data/Сергей Ларионов/петерс латыш,33f08f67ef3daa15fa6f40b671acaf7e0c6031653518b6da72cacaec0e08cf04
Вячеслав Герасимов,признания мегрэ,data/raw_audio_data/Вячеслав Герасимов/признания мегрэ,7ddc61cdc930ea807e0958ad80dd9e9f488122d1af00e63f3189abe2e5d9d37e
Сергей Ларионов,покойный господин галле,data/raw_audio_data/Сергей Ларионов/покойный господин галле,6ec555fb6de9d3ed510c90da25c17ae46cc70f8df279327e01f5a2e4982fb399
Дмитрий Хазанович  (Дим Димыч),драйвер заката,data/raw_audio_data/Дмитрий Хазанович  (Дим Димыч)/драйвер заката,16df626616fd24428010a2acb9f2399492cd0b30c037becef63be284af1e571f
Вячеслав Герасимов,стриптиз,data/raw_audio_data/Вячеслав Герасимов/стриптиз,ba9438bb80518950a58af7a39367abdff62356d3fd510fbd951e88b2ead51406
Ирина Воробьёва,цветок америки,data/raw_audio_data/Ирина Воробьёва/цветок америки,503a52bea6575c8f74048781f7c7a311ec2415a6e75926cdbcbc4731166549e9
Ирина Ерисанова,ангелы и демоны,data/raw_audio_data/Ирина Ерисанова/ангелы и демоны,84c5164621459451f327149001815ca003b46e0b8189a8b64482a9be20da8fec
Игорь Князев,щегол,data/raw_audio_data/Игорь Князев/щегол,03dbd3a39c02fe01c337fe8f8707c9b411c0eb8400c94db9584f8e0737a83260
Вячеслав Герасимов,волки лозарга,data/raw_audio_data/Вячеслав Герасимов/волки лозарга,37fdecc1d20d3f3dec45b2be95a071b49b9bb9503697b4208fc8b866af0dbc5b
Юрий Заборовский,пять недель на воздушном шаре,data/raw_audio_data/Юрий Заборовский/пять недель на воздушном шаре,5f0400b9402700fd8dd62bc5b58bdef18300f0885869d5ddca62caf27b9e974e
Евгений Терновский,секта,data/raw_audio_data/Евгений Терновский/секта,3f569df97640075d14807e6dd563c78babc1e21ec765228d057078b77df26193
Евгений Лебедев,руся,data/raw_audio_data/Евгений Лебедев/руся,40169cc1ad57ce6c15d59fb57327a5d00eaba7efe32ec6b82f02bd2884887d96
Леонтина Броцкая,на испытаниях,data/raw_audio_data/Леонтина Броцкая/на испытаниях,0be2b7ddb03b2f97a4c3c16f51b770cff210db1076cb2bdfaa43f6ac0e9c3081
Евгений Терновский,марианна и неизвестный из тосканы,data/raw_audio_data/Николай Козий/марианна и неизвестный из тосканы,97af1b2f23a50aa5d2d884d54b3e6d471164d92e21b4a2bcaa371348ae3450fe
Николай Козий,марианна и неизвестный из тосканы,data/raw_audio_data/Николай Козий/марианна и неизвестный из тосканы,97af1b2f23a50aa5d2d884d54b3e6d471164d92e21b4a2bcaa371348ae3450fe
Евгений Терновский,бретер,data/raw_audio_data/Евгений Терновский/бретер,88b66e88fe5ef8cfa61e92bb6e2debed4bcae3056c9c20fd0e7b66d0da5ec92d
Евгений Терновский,звезда для наполеона,data/raw_audio_data/Николай Козий/звезда для наполеона,d8f0b303b06e315bf202abeff447aa128f200a29dfe914396cd1b42e5b9e311d
Сергей Ларионов,за нами москва!,data/raw_audio_data/Сергей Ларионов/за нами москва!,55e7c6cfd3a7d35f28aeeca1c8ffc94867f415cc83503859524986f2f40e9426
Владимир Самойлов,дым,data/raw_audio_data/Владимир Самойлов/дым,3acc069d28c7e6b25f4e9aba29cf3739df287613e431b522c6c96bb145fd4eae
Евгений Терновский,поездка в полесье,data/raw_audio_data/Евгений Терновский/поездка в полесье,e4d10d2719b9f6179a5ffe1691e61028a1929710b2aa3f73b5d46f5ddc6930c3
Николай Козий,тактические занятия,data/raw_audio_data/Николай Козий/тактические занятия,6401938f70a95fb498f79e146a17633f6b71efe5b569339187811f0dd2d7752a
Ирина Ерисанова,черная беда,data/raw_audio_data/Ирина Ерисанова/черная беда,d23a7b72885e8017082a8d07286f5fc4aa37963c52ad1bc4a2530cf6a9a89c30
Сергей Ларионов,за ценой не постоим,data/raw_audio_data/Сергей Ларионов/за ценой не постоим,84094372772eaba2c7101644a2b2643c1b9529eb9da87c04d7b314494fdd730f
Николай Козий,звезда для наполеона,data/raw_audio_data/Николай Козий/звезда для наполеона,d8f0b303b06e315bf202abeff447aa128f200a29dfe914396cd1b42e5b9e311d
Владимир Самойлов,рудин,data/raw_audio_data/Владимир Самойлов/рудин,a4ac992a64598f328ff63337d66a1716edadba4f1825dcd2d2630646db2b375e
Надежда Винокурова,"человек, который знал все","data/raw_audio_data/Надежда Винокурова/человек, который знал все",a680f8addc4b8d23d48ea2ba891fba0d18d4fff92861afa6d999830c3963a4ed
Надежда Винокурова,о красоте,data/raw_audio_data/Надежда Винокурова/о красоте,ddc7afcbc91ce60083d18789d56ce620037a1e77266499b61d08085499293d54
Ирина Ерисанова,сердечный трепет,data/raw_audio_data/Ирина Ерисанова/сердечный трепет,ce29de90a426e0ac87bccda1832301c1afa10ba49bbba60bd225bb4b2cc74827
Владимир Самойлов,пятый угол,data/raw_audio_data/Владимир Самойлов/пятый угол,5546808d8a98361d10a2ec71b7bc24ccdb4b6592b8df6bea3b179a2f73184c88
Ирина Ерисанова,тариф на лунный свет,data/raw_audio_data/Ирина Ерисанова/тариф на лунный свет,3a9e5ca9f01fa61d1d8a44243164e699d6b04b08e5df6b4f1c249484c1f1508b
Леонтина Броцкая,"танкист, или «белый тигр»","data/raw_audio_data/Леонтина Броцкая/танкист, или «белый тигр»",7e0f0e4bb0bcbf4bd269ba7dddb4f97da8f3db2a3833234971b9484262bc06c2
Николай Козий,тайна дела № 963,data/raw_audio_data/Николай Козий/тайна дела № 963,9e026c752db63c64777b2d709fab0b0c91847020e98b5a66325ae021b4b3d139
Александр Бордуков,"1001 день, или новая шахерезада","data/raw_audio_data/Сергей Ларионов/1001 день, или новая шахерезада",88540b3783a125f57b1c003823e63f5081498d2ff509a33399c1ce4ce808e3b9
Сергей Ларионов,"1001 день, или новая шахерезада","data/raw_audio_data/Сергей Ларионов/1001 день, или новая шахерезада",88540b3783a125f57b1c003823e63f5081498d2ff509a33399c1ce4ce808e3b9
Сергей Уделов,"танкист, или «белый тигр»","data/raw_audio_data/Леонтина Броцкая/танкист, или «белый тигр»",7e0f0e4bb0bcbf4bd269ba7dddb4f97da8f3db2a3833234971b9484262bc06c2
Ирина Ерисанова,путь мури,data/raw_audio_data/Ирина Ерисанова/путь мури,40c05555193b7ed1b6aa921a54215bed588b8260beebf77a5675a7243d932201
Александр Чайцын,сыщик бреннер,data/raw_audio_data/Александр Чайцын/сыщик бреннер,ce0052008ca20fd38776ff03f8e159d6cbbd8dfb9b690027dd120f78a9df77e6
Евгений Терновский,страдания юного вертера,data/raw_audio_data/Евгений Терновский/страдания юного вертера,8b23e7806a8340ae6e0a18e9a8f23ffa7854a458ad55801a0531e88c54b51bd1
Александр Чайцын,"знакомьтесь, гагарин!","data/raw_audio_data/Александр Чайцын/знакомьтесь, гагарин!",2a9126657ee53a94c50583895262f2939f02aa7c16b9a8120d2371ee596bcb60
Александр Чайцын,они сражались за реальности,data/raw_audio_data/Александр Чайцын/они сражались за реальности,157f5f951807a60cb76382c8f8e56f0bc156bcb80e53a778a70203b71d94763b
Ирина Ерисанова,клин клином,data/raw_audio_data/Ирина Ерисанова/клин клином,d6fb31d6545abe97d6e053515e7bb3b34df8920c91477fdd65d3539ffc0f58b5
Сергей Кирсанов,"ночь, которая умирает","data/raw_audio_data/Сергей Кирсанов/ночь, которая умирает",58855dfcb7c52a583f86d699ba7dd71694a6537665170913b438632f6c0980bf
Юрий Заборовский,люди не ангелы,data/raw_audio_data/Юрий Заборовский/люди не ангелы,55139c1dba724ac7c6615b62ae01b2c322c5942d239d4bfd55dc0448a033bfb7
Вячеслав Герасимов,конармия,data/raw_audio_data/Вячеслав Герасимов/конармия,c22c91ac50e4aaa18a59b6f9f72009f889e698974c5d281c26f2be4e0a220957
Алла Човжик,однажды катя с манечкой,data/raw_audio_data/Алла Човжик/однажды катя с манечкой,e9ab50783eb7e139870c0dd7d27c77f74e33a86950a9c7e3b7a87e5b50039095
Ирина Воробьёва,цена ошибки,data/raw_audio_data/Ирина Воробьёва/цена ошибки,32f5781b44d6b205ee2e30cff6bf9433864d1489a69490d54acd8a8e448904aa
Сергей Кирсанов,осиная фабрика,data/raw_audio_data/Сергей Кирсанов/осиная фабрика,000c6d53216715b8c8295cb21cb82ee0f916881bfb560e21e691929cc09131bb
Вячеслав Герасимов,амстердам,data/raw_audio_data/Вячеслав Герасимов/амстердам,0393ba58f9c2e0bade52113d45f8afb97b61ee8e3d9451ff14ea70a3b6d91c8b
Ирина Ерисанова,крокодил из страны шарлотты,data/raw_audio_data/Ирина Ерисанова/крокодил из страны шарлотты,e44a29fddf56cd4aaaf62eff6b0498ce7f497b008b058b431171e602cb746383
Евгений Терновский,"невинный, или особые отношения","data/raw_audio_data/Евгений Терновский/невинный, или особые отношения",f5612d83cbaa352f443fa9adca209a683a9f5793363014a23cc8eee4911a7b59
Сергей Кирсанов,у адских врат,data/raw_audio_data/Сергей Кирсанов/у адских врат,53860259ede6feb0d93c33660f864d58b2471360151eddd26e7e70d43fbd6585
Александр Бордуков,шаги по стеклу,data/raw_audio_data/Сергей Кирсанов/шаги по стеклу,75b038aa8539097fa4034abb981ad227f0bd3054a7b8df990139c94dbb3cf167
Сергей Кирсанов,шаги по стеклу,data/raw_audio_data/Сергей Кирсанов/шаги по стеклу,75b038aa8539097fa4034abb981ad227f0bd3054a7b8df990139c94dbb3cf167
Сергей Кирсанов,исповедь убийцы,data/raw_audio_data/Сергей Кирсанов/исповедь убийцы,d5febcf26f3539760c0f9cc69222c01395f89c8109ded31d2077876539f05e88
Николай Козий,на берегу,data/raw_audio_data/Николай Козий/на берегу,f6eb58dc9032dbe0d53fe6ea590520e61e01cd9c0376bb18843cf860600240f3
Ирина Ерисанова,"не на жизнь, а на смерть","data/raw_audio_data/Ирина Ерисанова/не на жизнь, а на смерть",7d86ee736d9726ecceb991be3d0c586f23a3e5bd47de08be17745814698fa5b3
Ирина Ерисанова,художник зыбкого мира,data/raw_audio_data/Ирина Ерисанова/художник зыбкого мира,ca18e71fe954cac5479f7c4ce44f71121287bb47cdfa7adadb354140316cb084
Ирина Ерисанова,когда мы были сиротами,data/raw_audio_data/Ирина Ерисанова/когда мы были сиротами,bd8b1758cf28587c8e61bfea4f32e85ae412dec6aada37c525b151bbf5df9d4f
Сергей Кирсанов,чудо,data/raw_audio_data/Сергей Кирсанов/чудо,0a449c622bb4394cf6f8883d9a3158745df39e3c9d069e5c8255d718ce0d6106
Сергей Кирсанов,владыка тумана,data/raw_audio_data/Сергей Кирсанов/владыка тумана,8eaf3e81b0cda0c320e2db06003d947ca8a5512e56c6b38e753333de99530845
Сергей Кирсанов,сентябрьские огни,data/raw_audio_data/Сергей Кирсанов/сентябрьские огни,2ca8f51f66c2ae34f6a023a6b6508ceebf827fe2e964434b71dc5b8d0dd811ba
Надежда Винокурова,рапсодия ветреного острова,data/raw_audio_data/Надежда Винокурова/рапсодия ветреного острова,788de8c274a96b1efe6ca119a63529834e3af4ef379eaf32e090cf9eb2e5c0b4
Сергей Кирсанов,алгебраист,data/raw_audio_data/Сергей Кирсанов/алгебраист,8da042279c0e482714c68785b0868420596060e883b784787f7073246c5c9979
Елена Дельвер,горячий квартирант,data/raw_audio_data/Елена Дельвер/горячий квартирант,49a66c9dcdca89dbb1c6bb5b0d4aac7a9a85db35c5d0643d4c9862827198b043
Ирина Ерисанова,наблюдая за англичанами. скрытые правила поведения,data/raw_audio_data/Ирина Ерисанова/наблюдая за англичанами. скрытые правила поведения,ce47d4569d9ac08966c9a962e6e7c7fe545f5f464352e831355774d78ea1af4c
Алла Човжик,королева пиратов на планете сказок,data/raw_audio_data/Алла Човжик/королева пиратов на планете сказок,5e19592dbc467f53e6bfb148e724d1f96c34aae4b482fbb19e61d288faf63d55
Ирина Ерисанова,безутешные,data/raw_audio_data/Ирина Ерисанова/безутешные,94ccae8f0781a6bf4e37a0a8129996bf4ad811afd0d6261f1dd2adfc6cc57ccc
Ксения Большакова,сто лет тому вперед,data/raw_audio_data/Ксения Большакова/сто лет тому вперед,19f881aef0c018ab52bdf786125a54ff28bd8373551e9651f44e6cb0efbebcd0
Ирина Ерисанова,твоя,data/raw_audio_data/Ирина Ерисанова/твоя,176b14f7706951c4d34cf9db42857a73e08563600316e57abe5ec4774b297c76
Юрий Заборовский,сосед,data/raw_audio_data/Юрий Заборовский/сосед,c93386197d457f7d71d50c3643ca8bad29b4370e820361c6eef10798337e27c7
Сергей Кирсанов,перекличка мертвых,data/raw_audio_data/Сергей Кирсанов/перекличка мертвых,ef4b1041bbdf90861f471e76925790f610ac5ab7ca5769e796a7b169e1a90d9c
Ирина Ерисанова,человеческий крокет,data/raw_audio_data/Ирина Ерисанова/человеческий крокет,6bb755880e0d3e6a07df5688987dcb92d49a9b5edb23189143756037352bb74a
Евгений Терновский,под осенней звездой,data/raw_audio_data/Евгений Терновский/под осенней звездой,73555ea322502424bab3b5afeb963f0224a5a3f2f9576af52536d0b189d15888
Вячеслав Герасимов,водопад,data/raw_audio_data/Вячеслав Герасимов/водопад,e8f0aefb116e6029420b71fa9cecf6957f6ce37bc04494ced49e173eb068fca1
Николай Козий,мутант-59,data/raw_audio_data/Николай Козий/мутант-59,bc854946d85051859cfe22e697a23c11d8e3e6fc282d91cc21e41e92db375033
Дмитрий Шабров,эпицентр,data/raw_audio_data/Дмитрий Шабров/эпицентр,4fde0e8059d1ae5c6748043306c21f89ad74c46ae2adbb3579046aced1354246
Евгений Терновский,странник играет под сурдинку,data/raw_audio_data/Евгений Терновский/странник играет под сурдинку,3f8ded81b2dd33568625490644c9a62e4496c73b2b1c63bf1e345759a80be94f
Сергей Ларионов,гнилое дерево,data/raw_audio_data/Сергей Ларионов/гнилое дерево,b1a469ce0f492f8d4b6e981486e30e78a06f4df977e20bb13011941f8356ab68
Сергей Ларионов,антиблокада,data/raw_audio_data/Сергей Ларионов/антиблокада,71030aa87ecb958de9fa69dee53907aeecff01f933619eb64a0ce375fc36cc9f
Сергей Ларионов,партизан,data/raw_audio_data/Сергей Ларионов/партизан,b035f5edcd153b52a7fb246b82fd883739a5cc553391f0568da7a720b96db319
Евгений Терновский,мистерии,data/raw_audio_data/Евгений Терновский/мистерии,d8e1753c300b2dfb2e8195e58ba42cff78051c4f213f04ce33a3e00c7d42f331
Владимир Самойлов,"это мы, господи!…","data/raw_audio_data/Владимир Самойлов/это мы, господи!…",0d411a8839e8f52dd4845bdd291c5074fdba9f7378e60a7a05d3493b479df217
Леонтина Броцкая,дочь хранителя тайны,data/raw_audio_data/Леонтина Броцкая/дочь хранителя тайны,2b0c8869633d8f5ae7bd32fdc0e23d925f7d3e562037b61884d5b06914165d61
Ирина Ерисанова,на луне,data/raw_audio_data/Ирина Ерисанова/на луне,1913d2009263ecd580f0df8f065665c3d209001f8e1216fcb03fc98e8e2ef8e5
Сергей Кирсанов,подкрутка,data/raw_audio_data/Сергей Кирсанов/подкрутка,4f3718622644953477331ddc8eaf24ffcdbcb1b481ced1792efa54e4e0f70db5
Евгений Терновский,колхида,data/raw_audio_data/Евгений Терновский/колхида,0ae6fe8f8c3682971aacee5a73ad0c9b4757ff8df659a691883fb0b2b1d7d083
Ирина Воробьёва,взгляд,data/raw_audio_data/Ирина Воробьёва/взгляд,98b30c2064af530c5de8cc459375c801393309ec869021357e434287bf115325
Сергей Кирсанов,нарушитель сделки,data/raw_audio_data/Сергей Кирсанов/нарушитель сделки,5cefb4f6616e99917fe1a3665b46666e54acb2a93183756e45ae0a5b3cf54647
Сергей Кирсанов,пропавшие,data/raw_audio_data/Сергей Кирсанов/пропавшие,a3d553b0286f2f560db53e2c254e78111b3edea4a463821d2fda5fa797e7f925
Вячеслав Герасимов,"бойня номер пять, или крестовый поход детей","data/raw_audio_data/Вячеслав Герасимов/бойня номер пять, или крестовый поход детей",08b87860391d668b47621258b6b965ec6146a520109b8aafd690dcc389bf0fff
Николай Козий,мать тьма,data/raw_audio_data/Николай Козий/мать тьма,4635a05a76c7bd81a01097e29dea4a57b8d628c9abbffecfb3153f833c7b4b36
Юрий Заборовский,спанки,data/raw_audio_data/Юрий Заборовский/спанки,187619cc6958b15a7cd59c7d0ebcfcfce7b44a8e64b1e8ee132324216051fec2
Ирина Воробьёва,хозяйка рима,data/raw_audio_data/Ирина Воробьёва/хозяйка рима,f2a5205e275ce309880f40c9908e672dff1609efd0a50a1aa302c5b980f9a448
Юрий Заборовский,крыши,data/raw_audio_data/Юрий Заборовский/крыши,15d333a54c971fc7634be1a683e3349dcfbde219aaa95db540521af857c6c501
Вячеслав Герасимов,сирены титана,data/raw_audio_data/Вячеслав Герасимов/сирены титана,24e056415d6d361c1dcffdd4eb2ba92ad67e685f30e70ed4642e0270c39240c1
Евгений Терновский,десятый крестовый,data/raw_audio_data/Евгений Терновский/десятый крестовый,3f0f6145c80c251a0743682d99e45aa61ae48fdd281bc7643748747d6e951686
Алевтина Пугач,лицо на пакете молока,data/raw_audio_data/Алевтина Пугач/лицо на пакете молока,08f92b4bf7f5ed7009a0888e0d5245ed32c76ed79757ddd056111a44d6c12083
Евгений Терновский,майор велл эндъю,data/raw_audio_data/Евгений Терновский/майор велл эндъю,43b011bc4d4b8bde848f5dedf1c2638c3942e86718406c547748a341bdedfefb
Сергей Кирсанов,сыщик галилей,data/raw_audio_data/Сергей Кирсанов/сыщик галилей,5348383098578099bcd40b5136c9da81501c9b74c0eddba8ec09654e1c4a5cf5
Сергей Чонишвили,сирены титана,data/raw_audio_data/Вячеслав Герасимов/сирены титана,24e056415d6d361c1dcffdd4eb2ba92ad67e685f30e70ed4642e0270c39240c1
Надежда Винокурова,третья жена,data/raw_audio_data/Надежда Винокурова/третья жена,20fb824d9f922b76ef03e3d34f1cb35e98f974f4f17418ed14a11c126a786660
Сергей Кирсанов,посредник,data/raw_audio_data/Сергей Кирсанов/посредник,d6a86fb6da7ee6009dc80019b4a7980d598cb131fde3636ce019a984e95cf7f2
Татьяна Телегина,цена нелюбви,data/raw_audio_data/Татьяна Телегина/цена нелюбви,eea5b6efa1833f4d2d1658a3f62e5d82abd87b09a38ad4f0ea6c76cd0ffc0d04
Леонтина Броцкая,тайны полюса,data/raw_audio_data/Леонтина Броцкая/тайны полюса,91177e253397781a2a493bea23652dbf0cf6769aba863a868a6c1deeeffe1c0b
Владимир Самойлов,непридуманное,data/raw_audio_data/Владимир Самойлов/непридуманное,cff1173b951d7bd3dad4ba718a59212195a284d3088fa2ce518bad4577097eba
Юрий Заборовский,поликушка,data/raw_audio_data/Юрий Заборовский/поликушка,12082fedef29536508bd1da5d701d31f94587e7b1420eea2511ad9cdbdc15767
Леонтина Броцкая,восемь фаберже,data/raw_audio_data/Леонтина Броцкая/восемь фаберже,4cfdd0384c5ad3fe625a4a1cfdaea453b4c1950b6424a0c11a3f0f47b65b15d2
Игорь Князев,не считая собаки,data/raw_audio_data/Игорь Князев/не считая собаки,7c0e5fa5cc4930b3ce4c271dfb3a28c0866f686a954183001912f07be439f26e
Николай Козий,колькин ключ,data/raw_audio_data/Николай Козий/колькин ключ,ed0cd9e23027d41a91c19c7ca615f9541b706df1d4151f6dbb59a9d8a8e6679f
Игорь Князев,призраки не лгут,data/raw_audio_data/Сергей Кирсанов/призраки не лгут,52b2e4f073e71eb01f054ec04647dc65396156e7dc0f72d6f76f73f12e6044e9
Игорь Князев,песочный человек,data/raw_audio_data/Игорь Князев/песочный человек,1d1a6ed400540b00bba65d43d2c155cda2e8f09cbbca04fafe20caa63a447318
Александр Чайцын,охота на квака,data/raw_audio_data/Александр Чайцын/охота на квака,c39f77ef65e481b6d2068f715d3bf5af723a8734255fdf28ac7edfbd7c5c606a
Александр Чайцын,убить героя,data/raw_audio_data/Александр Чайцын/убить героя,5400fe9236b82c2e6e28f2a5b68d5067dd47c557c7dd6bc77ca92b97bc9a61a7
Николай Козий,подставное лицо,data/raw_audio_data/Николай Козий/подставное лицо,78313afccae668d925e7a452725e3f5427a502f2a34e79d5fc143fa18c12cbd7
Юрий Заборовский,дополнительный прибывает на второй путь,data/raw_audio_data/Юрий Заборовский/дополнительный прибывает на второй путь,42a069016bccf0e38be4a7d2ba9ef3b437aae05c20e7cad2d6fdc8644cc8b12b
Сергей Кирсанов,"джек ричер, или в розыске","data/raw_audio_data/Сергей Кирсанов/джек ричер, или в розыске",1e0e4e57aee72838f60d1c6a0fcaeb77acb6a42293a013e7c0bfb7645accd9f1
Сергей Кирсанов,призраки не лгут,data/raw_audio_data/Сергей Кирсанов/призраки не лгут,52b2e4f073e71eb01f054ec04647dc65396156e7dc0f72d6f76f73f12e6044e9
Игорь Князев,книга страшного суда,data/raw_audio_data/Игорь Князев/книга страшного суда,f6a95f7781d0774c30c338616b420d9d22859eafcbb536c2e5562d275bee2e9a
Сергей Кирсанов,"джек ричер, или синяя луна","data/raw_audio_data/Сергей Кирсанов/джек ричер, или синяя луна",1ee3d7f1cb8723d2b97688daf759fd0d01293129a9769d4cc55e185e2b0a1364
Сергей Ларионов,дикая степь,data/raw_audio_data/Сергей Ларионов/дикая степь,2500377fd485a35acfa0951f927523d0ca27c659a57425fc3af6b8066be2a910
Сергей Кирсанов,нечего терять,data/raw_audio_data/Сергей Кирсанов/нечего терять,915452e55aff891db1fc9e489995381cb6f473a36d02be96cfbb7bd86cb50066
Игорь Князев,этаж смерти,data/raw_audio_data/Игорь Князев/этаж смерти,57f84455677c3055db2c8154c975eefe50a918c40c6f6282a557ec3fd878bf61
Ирина Ерисанова,смертельный рай,data/raw_audio_data/Ирина Ерисанова/смертельный рай,a6ff7eef259a10dfcd45ec584809cfcdf01596283f98233deafb5776860c548e
Леонтина Броцкая,мальтийская богиня,data/raw_audio_data/Леонтина Броцкая/мальтийская богиня,f5c04252baef4f52182d8ea8825801bcda6452a3630aa8d07cd58821946407d8
Татьяна Телегина,отчаяние и надежда,data/raw_audio_data/Татьяна Телегина/отчаяние и надежда,cbd40d452da58774f5fe6f5e154742a79ace02e5be47ee3132a5b1a3a3ae158b
Вячеслав Герасимов,маленький домик в больших лесах,data/raw_audio_data/Вячеслав Герасимов/маленький домик в больших лесах,ae28931b98120eb10b585794ec59de4c7166a019f5a6886939d5bb38a0761c1f
Юрий Заборовский,мона,data/raw_audio_data/Юрий Заборовский/мона,f62e1024301ef403ddc41ce1297fc3754702f74c1697c7eb92497d7fbf1b023f
Ирина Воробьёва,пионовая беседка,data/raw_audio_data/Ирина Воробьёва/пионовая беседка,53ea5b3de0235b285fa84048f201fff79e58d4976c5b6e78ba2f2685c3d61ba5
Евгений Терновский,хромой бес,data/raw_audio_data/Евгений Терновский/хромой бес,cf85bb8b5594757836256e2f093c61e89e2d1f3d557cf440c01883a7f9455673
Ирина Воробьёва,очарованный принц,data/raw_audio_data/Ирина Воробьёва/очарованный принц,094f05408d9bb39a9d2a88245697fc28a31720b24e4922916ef4df10fd58df30
Ирина Воробьёва,время ночь,data/raw_audio_data/Ирина Воробьёва/время ночь,f333f2d9ec7c9510bca891b5ebe88477a3fdabd3a906c403682c56f846a9accf
Юрий Заборовский,жюстин,data/raw_audio_data/Юрий Заборовский/жюстин,96c071e0dad5d50bf8e1b45e925b8aa2f7cb92bf42ac70d20353a888a8510dd1
Леонтина Броцкая,подарок,data/raw_audio_data/Леонтина Броцкая/подарок,2964f2c0027f03f94f63c4512bbe3da0dae77c1a39f1b71bf356025933a9b91e
Владимир Самойлов,еврей зюсс,data/raw_audio_data/Владимир Самойлов/еврей зюсс,a079ea73d1db67acc566d8b6a4e16cb3f86188670cf3a27ee3a9ac09c9fea3e2
Вячеслав Герасимов,терминаторы,data/raw_audio_data/Вячеслав Герасимов/терминаторы,37560589cc9d0375efab5fc49fc6d83ff24686b2c50f1e3f2a8b933738932c84
Татьяна Телегина,артур и минипуты,data/raw_audio_data/Татьяна Телегина/артур и минипуты,fd6d3a3e528288e00416b98a73f3d22e61015dce343133a58193f37354355814
Татьяна Телегина,артур и запретный город,data/raw_audio_data/Татьяна Телегина/артур и запретный город,18fe91f86b2043e0ca81b2e41f2f3e2caeaeba4f860173e4866ec7495b169a06
Сергей Ларионов,испытание киллера,data/raw_audio_data/Сергей Ларионов/испытание киллера,88cbc7a006c37ec9adf93eb6147161c04155098888b390e054e1ab471c5c0fc1
Вячеслав Герасимов,бедняга смоллбон,data/raw_audio_data/Вячеслав Герасимов/бедняга смоллбон,f81e76782710d979bc0283302463c4f636d97b54c9ac37cb0a371ae0e3c162e0
Ирина Ерисанова,город костей,data/raw_audio_data/Ирина Ерисанова/город костей,9ed05f22ec1cdb6b64c3ff18717e28b1fb0a4186d56d7f5392e1dcf59e6f3113
Сергей Кирсанов,смотровая площадка,data/raw_audio_data/Сергей Кирсанов/смотровая площадка,7ab8a293947ad073fcb141f1c2cbf475e16e5e9f82457ca47cf11283ec4f6b95
Вячеслав Герасимов,потаенный свет,data/raw_audio_data/Вячеслав Герасимов/потаенный свет,a3274ec72975175141a796c06d4a0737518894ed017e4feee7e96fe1f8f806c9
Александр Бордуков,макар чудра,data/raw_audio_data/Александр Бордуков/макар чудра,c3eb7c96c94e60bbed40e253ddfd69ef98d7ca878483f7a530cd48ae711e34ea
Александр Бордуков,старуха изергиль,data/raw_audio_data/Александр Бордуков/старуха изергиль,ef69e666749865dbfb4cff571893eda000ff1cb7530288a32e5f51ccf10bbd93
Ирина Воробьёва,тьма чернее ночи,data/raw_audio_data/Ирина Воробьёва/тьма чернее ночи,daff37bb5d8afea408f9f7a74429cb25b3928cced8598847a62be866392e84fe
Александр Чайцын,секретный фарватер,data/raw_audio_data/Александр Чайцын/секретный фарватер,f833c668c78f37aff9b40138ceb9d7bb59d289d5e06e352b16d9df24eed0913d
Ирина Ерисанова,предательство риты хейворт,data/raw_audio_data/Ирина Ерисанова/предательство риты хейворт,6dd3e84bfac252bdf1a927ea657f2224925484660004966f6c751eb643f9ea7a
Вячеслав Герасимов,и ангелов полет,data/raw_audio_data/Вячеслав Герасимов/и ангелов полет,defcd09d6cec88a381cbc3d10ad46c64bf74114674efaadd51eda446d446361e
Ирина Воробьёва,мужчина и женщина в эпоху динозавров,data/raw_audio_data/Ирина Воробьёва/мужчина и женщина в эпоху динозавров,9fd5a628007c02e202d06405b8ce9e989b6b8d841f95049947077a784698068f
Сергей Кирсанов,эхо-парк,data/raw_audio_data/Сергей Кирсанов/эхо-парк,387c3f55e7a8de2f6214f57f7318867f35625cd64de5e32a6036387dba339883
Вячеслав Герасимов,"мудрость чудака, или смерть и преображение жан-жака руссо","data/raw_audio_data/Вячеслав Герасимов/мудрость чудака, или смерть и преображение жан-жака руссо",6057d5b10d44a9bcd5b302d2e74623ef22be2a353df29cd23b6614e73bc4d2ab
Леонтина Броцкая,английская мята,data/raw_audio_data/Леонтина Броцкая/английская мята,1cac63638e64a545aaf339094220f5e67dad765e0127c3da39429abc5c25b899
Надежда Винокурова,пожирательница грехов,data/raw_audio_data/Надежда Винокурова/пожирательница грехов,3b15401a4f37ca0739d6064f001417ad5ade01dde1b08ad639016f88ed9d1bff
Надежда Винокурова,знакомство по объявлению,data/raw_audio_data/Надежда Винокурова/знакомство по объявлению,98068793537722a5cf8f912213a08a24d19a3dd82d86a363873ea45025fae63f
Николай Козий,адъютант бонапарта,data/raw_audio_data/Николай Козий/адъютант бонапарта,11ead7f52c358eb29c6dbeaf46574752fd5ed09cfbe847dfb433073ecd9ac662
Ирина Ерисанова,рожденный дважды,data/raw_audio_data/Ирина Ерисанова/рожденный дважды,d9ca0915c38fa179147b1fab5066d2e649b12fdeae047dc48e2a78472089b4ad
Леонтина Броцкая,мусорная корзина для алмазной сутры,data/raw_audio_data/Леонтина Броцкая/мусорная корзина для алмазной сутры,ffb085af80961e914c6af610b5b41fd25c595ff260931c4e8d8ff442b7e14303
Сергей Кирсанов,река джима,data/raw_audio_data/Сергей Кирсанов/река джима,21f0fdda80f7220bbdfb9b338cc8feafccde337664d44d03980052f28bdd9651
Ирина Воробьёва,комната кукол,data/raw_audio_data/Ирина Воробьёва/комната кукол,54160d1376fc0ceb219c4a41f7d70d122d56f2449fae96016b811e1a7adfbc57
Александр Чайцын,альбинос из клана земли,data/raw_audio_data/Александр Чайцын/альбинос из клана земли,2ea228ff449c2b6f19c6f5dc36f77d702ec3da4ca359e2deff05456eec3ab7c7
Ирина Воробьёва,мадам оракул,data/raw_audio_data/Ирина Воробьёва/мадам оракул,227b1769151d81cc32e587f01db7eabdc3e2c8261783db0e089104d164b25da1
Ирина Ерисанова,загадочное ночное убийство собаки,data/raw_audio_data/Ирина Ерисанова/загадочное ночное убийство собаки,e2c3343334f17c17c5f6092ce9c633712df8ff8a676100ecf5717295f972c27e
Леонтина Броцкая,кенгуру в пиджаке и другие веселые рассказы,data/raw_audio_data/Леонтина Броцкая/кенгуру в пиджаке и другие веселые рассказы,d1fe1799960e21e596343c796a3c8c10e81430317f177dff23cdddd83c405613
Ирина Ерисанова,слепой убийца,data/raw_audio_data/Ирина Ерисанова/слепой убийца,facdcab14d54899012656f9b109d40fead026d241ee6bfa1c5fe81bcaaf49d7e
Юрий Заборовский,янки из коннектикута при дворе короля артура,data/raw_audio_data/Юрий Заборовский/янки из коннектикута при дворе короля артура,e8433ac050c3a96f3295d213012dd33efa134aca50b744073d5368bcd77fe836
Ирина Ерисанова,"когда хочется плакать, не плачу","data/raw_audio_data/Ирина Ерисанова/когда хочется плакать, не плачу",058ed12d713f6dc67d774763cf814c08a570f9e2aa348bb74a87908362fd5c36
Юрий Заборовский,возвращение гангстера,data/raw_audio_data/Юрий Заборовский/возвращение гангстера,6c9f1c466f4a53c7490d268e3caa8aef0b282c31f2f6b1a529fb11ad8f12022e
Надежда Винокурова,встреча,data/raw_audio_data/Надежда Винокурова/встреча,59f7b8ea349e536d9325927173f22929d5fbab6789150ea62cb3410431495410
Вячеслав Герасимов,темная сторона луны,data/raw_audio_data/Вячеслав Герасимов/темная сторона луны,810131afa74c87873f769c9d07b1c28b63dd07fdc5cdb53bbc9fb2bb708fa48b
Николай Козий,любители тел,data/raw_audio_data/Николай Козий/любители тел,d38f356e1d31a60b213524bc220fcabe895e112c0d7c229e5a631bf1a61f020f
Николай Козий,мой револьвер быстр,data/raw_audio_data/Николай Козий/мой револьвер быстр,4be2897b04d38c527c22a78c1438735d283c17d7515bc7d5378e8310914fc4b0
Сергей Чонишвили,последняя любовь в константинополе,data/raw_audio_data/Сергей Чонишвили/последняя любовь в константинополе,ae00b4bda3d165a36132ad8b725bc12413a0626fdaf578914efa7c05f839a576
Надежда Винокурова,кулинар,data/raw_audio_data/Надежда Винокурова/кулинар,344557204b8a11bb72679c961734c6282c769a8af1cc9df30305b891a9050fbf
Юрий Заборовский,арена мрака,data/raw_audio_data/Юрий Заборовский/арена мрака,bf0a732d7be727431e8e189788be016c0dd741a55063303fbca4861fc6911775
Юрий Заборовский,меч мертвых,data/raw_audio_data/Юрий Заборовский/меч мертвых,bbb2d0db31614c716234c9f6fa163835697484f0539dd90a6e4d651cf8589794
Дмитрий Шабров,морфий,data/raw_audio_data/Дмитрий Шабров/морфий,1f64c573e274146388cc42714099c10caafdcbc468903020da871fc8b7ea71fa
Николай Козий,жизнь господина де мольера,data/raw_audio_data/Николай Козий/жизнь господина де мольера,47bb256643fde62d4c733831706c6f42f25ed8a515d6da3ee530f6ac3b97f036
Игорь Князев,как птица гаруда,data/raw_audio_data/Игорь Князев/как птица гаруда,ba90dccd25690b408e611bfba8993c797666b1b102dbe80d3477c54403d577ae
Игорь Князев,самшитовый лес,data/raw_audio_data/Игорь Князев/самшитовый лес,ac64b581929a3f99bb6e2829e95dae712ee0aad86f2f045fd639dfa7ab045dde
Ирина Ерисанова,театральный роман,data/raw_audio_data/Ирина Ерисанова/театральный роман,fa635fc99f0f09ae8c63ca67fc2f794450de381c6e3033e8a534d2d5786a65fa
Ирина Воробьёва,каникулы уморушки,data/raw_audio_data/Ирина Воробьёва/каникулы уморушки,970a3e47d14262c536133988cb74c102bf99fd0f2f4449bdc51ed1f2ae4aa1c6
Александр Чайцын,s-t-i-k-s. игра в кошки-мышки,data/raw_audio_data/Александр Чайцын/s-t-i-k-s. игра в кошки-мышки,ec549b5a2081f8b7cfd8e2c40e0af78747fb73d36f286848ff842c84fc052e15
Сергей Кирсанов,титус гроан,data/raw_audio_data/Сергей Кирсанов/титус гроан,66f6607706d081104ffc3ed6d226ad3b01c54a6aaef1673843b14ef7608b7709
Ирина Воробьёва,тайна муромской чащи,data/raw_audio_data/Ирина Воробьёва/тайна муромской чащи,43f8ec7bcf388a662c48d1683ecc07d5e5d414019eeac6f1882b924d8920c29c
Вячеслав Герасимов,"рославлев, или русские в 1812 году","data/raw_audio_data/Вячеслав Герасимов/рославлев, или русские в 1812 году",cc462a7f100f35af615468ebdb99de7d1f964795f527e4f5935f353903a8db7a
Татьяна Телегина,оранжевый цвет радуги,data/raw_audio_data/Татьяна Телегина/оранжевый цвет радуги,138320f6fa01d8979dd7eb97db861cfd2c0da9b7529e3e91af4fbcd22de8f642
Вячеслав Герасимов,гонец из пизы,data/raw_audio_data/Вячеслав Герасимов/гонец из пизы,0a2cdee2f391da96d3ea02c9fb6b4cadabf576c99f7a488e73da9620a37beba1
Вячеслав Герасимов,жребий № 241,data/raw_audio_data/Вячеслав Герасимов/жребий № 241,1218801fcf2854d6a10fcd561b875da47f13162049be2f21874f6a45590b02d7
Сергей Уделов,маршал советского союза. глубокая операция «попаданца»,data/raw_audio_data/Сергей Уделов/маршал советского союза. глубокая операция «попаданца»,52cd0f047139b5dd44acdcc7982d60ac67b9b45c59710a6f7723c16bf777acea
Евгений Терновский,"дочка людоеда, или приключения недобежкина","data/raw_audio_data/Евгений Терновский/дочка людоеда, или приключения недобежкина",4370c94e9b6e1c59a54d25ff97be320ad8af47b665b507ab934b9a87315c6242
Вячеслав Герасимов,и ад следовал за ним,data/raw_audio_data/Вячеслав Герасимов/и ад следовал за ним,2b4f91a3129d20bc564671993bbb3a79209eb6edfdb55454a7b1192f2aa5c920
Владимир Левашёв,история одного города,data/raw_audio_data/Владимир Левашёв/история одного города,bedde0f944d23e46953bf53f293e62d00375f339519cc870a819b07a0aec8d8f
Игорь Князев,спасти ссср. адаптация,data/raw_audio_data/Игорь Князев/спасти ссср. адаптация,5ba1c6d2b82f15da1e200723fd1e95a1ea4989386a9e70871643f842b985a700
Игорь Князев,спасти ссср. инфильтрация,data/raw_audio_data/Игорь Князев/спасти ссср. инфильтрация,298157df41cbfbe4436ca0bbbf6efe2377a6aa8c6923a6365b78e45c37b6a718
Игорь Князев,спасти ссср. манифестация ii,data/raw_audio_data/Игорь Князев/спасти ссср. манифестация ii,e47e3defb051dbd3a0c20f605ba33085e7b57bc4a589a4eebcd4717914da5274
Дмитрий Шабров,судьба человека,data/raw_audio_data/Дмитрий Шабров/судьба человека,25fe408b08fb3f994121ce8218bec47f8e262357eaf6c0c813b8f149d29691de
Александр Чайцын,узор судьбы,data/raw_audio_data/Александр Чайцын/узор судьбы,37bbf12800c54544c7b8adff5f558a8566eea6355d23ece56303d7fb32a183bd
Игорь Князев,спасти ссср. манифестация,data/raw_audio_data/Игорь Князев/спасти ссср. манифестация,770c5e3fa75ac4076698b5f8d0d8771279f7bf0012e8c8178ae686848af5acea
Ирина Ерисанова,"прощай, зеленая пряжка","data/raw_audio_data/Ирина Ерисанова/прощай, зеленая пряжка",c5a759b9edbbf00ee9c39bd639612a5ec9d6d3582fe8afcb8253ea32ee070965
Юрий Заборовский,время оно,data/raw_audio_data/Юрий Заборовский/время оно,8ada569d2b4e84f5a8fafe8d74650036e5b809d4925daaf9f7036e1289ef69da
Вячеслав Герасимов,деревенские адвокаты,data/raw_audio_data/Вячеслав Герасимов/деревенские адвокаты,20dd98a00d00c807c984321f2e7488c345e02131399f34fba418064e1f80f681
Вячеслав Герасимов,аннапурна,data/raw_audio_data/Вячеслав Герасимов/аннапурна,89e7b16ba08806eeb1df346bdc820e07167c3a9a274ad3c916fe426398e1bf26
Вячеслав Герасимов,райская машина,data/raw_audio_data/Вячеслав Герасимов/райская машина,10486cf636644c9f416c6c0c1e3c4681f4aab950c74e7a2a485802fc3af9129b
Ирина Ерисанова,бесконечная книга,data/raw_audio_data/Ирина Ерисанова/бесконечная книга,480915f7d40b74e50f1cb94f5574c065690734b7e6bd252219d8fda5ce7dccba
Татьяна Телегина,брат волк,data/raw_audio_data/Татьяна Телегина/брат волк,6bdd28450356cb6155d7c607982271528a45ceb4dd97b3ec51bd5c53ca4d9b41
Сергей Кирсанов,взгляд в темноте,data/raw_audio_data/Сергей Кирсанов/взгляд в темноте,ba11e419c24516aa093b080d59d873976bc044961ed1682c810e3c6f0dc356da
Вячеслав Герасимов,красная сирена,data/raw_audio_data/Вячеслав Герасимов/красная сирена,7acd5d5a442fc01e25b22b8877468151c467b420de8c58bf2a132f1fe92a41a4
Николай Козий,memento mori,data/raw_audio_data/Николай Козий/memento mori,df704cc3e2d2f0fb7bdb65cbfec3b88bdc059e86220b6d34547ac8277c3602f0
Ирина Ерисанова,последнее волшебство,data/raw_audio_data/Ирина Ерисанова/последнее волшебство,3d5375c7283fc1b1cc0bbc102195e6c5fc9e3f1f9bdfffabfe01ef650586359e
Ирина Ерисанова,полые холмы,data/raw_audio_data/Ирина Ерисанова/полые холмы,2128b5af794df56a1c97528696044d7620a42d8d19cb09bb4a491435562e33d6
Леонтина Броцкая,прежде чем проститься,data/raw_audio_data/Леонтина Броцкая/прежде чем проститься,431e4287113d16343b94f98cdafe7d3d4823cfb6e24f5c71047251438a59d22a
Алла Човжик,и девять ждут тебя карет,data/raw_audio_data/Алла Човжик/и девять ждут тебя карет,ea039e177bb6e1c964981937cc35e100da5b40afda6e8d57963ea018d35982e8
Юрий Заборовский,игра в убийство,data/raw_audio_data/Юрий Заборовский/игра в убийство,d65b045a6663120eff2e40eb7a1e5109dd0c21e7d236dc850b548237fbb17a19
Вячеслав Герасимов,санин,data/raw_audio_data/Вячеслав Герасимов/санин,8e90fdb4f2efbab070e12a7884beffcf6a9a66c12720e876fce4b9b47512cadf
Ирина Ерисанова,любовный канон,data/raw_audio_data/Ирина Ерисанова/любовный канон,694d8d71756a04db473bed165200994dfa86d2f05f33017d5588a40b35cabc11
Сергей Кирсанов,ностальгия,data/raw_audio_data/Сергей Кирсанов/ностальгия,2553edfed0be6b1720384039d375b6f00f230aa5dcbd4da48d837fd35058d3e8
Ксения Широкая,подкидыш,data/raw_audio_data/Ксения Широкая/подкидыш,f843c5c2b408f15673b8a3de97c57bce7b56eccf2c922fefa13841fc6e1132de
Вячеслав Герасимов,книга легиона,data/raw_audio_data/Вячеслав Герасимов/книга легиона,442eefcacb48561b5cd0dbfd69c9e1c20cdfe70b1d7761d5782c50f88a6339af
Татьяна Телегина,вилла рено,data/raw_audio_data/Татьяна Телегина/вилла рено,ce0bef95e0cf8aed3639aa04be5c841634f600399ee9b47e86507434dbc734dc
Сергей Чонишвили,в начале перемен,data/raw_audio_data/Сергей Чонишвили/в начале перемен,139e720a091b1e4b3962f039cbddf165db22d292e32beb1374b1c9e1e1284046
Вячеслав Герасимов,ползучий плющ,data/raw_audio_data/Вячеслав Герасимов/ползучий плющ,3f5542f7b4b4559a1301e71e122967b1a7ba5fbda56b1434ffd54705eff38d0b
Николай Козий,крысолов,data/raw_audio_data/Николай Козий/крысолов,43a9b1397f40adf46b595562c0bea15ffa076fca4b069cc995a70ff6a3c8679b
Дмитрий Хазанович  (Дим Димыч),природа зверя,data/raw_audio_data/Дмитрий Хазанович  (Дим Димыч)/природа зверя,9e3ec591116dc2e26cd7353837c2634daa936d3d3faa036c4aace2ca7bbb3633
Николай Козий,записки из будущего,data/raw_audio_data/Николай Козий/записки из будущего,d6517abad9bba533c676f9626061749605bcebd2654017f712c20d65eb698577
Ирина Ерисанова,я не боюсь,data/raw_audio_data/Ирина Ерисанова/я не боюсь,bd977859aa8ac0ae8f583a9a6b53240c4602bc2c1037501a86a8f9e2a98b007b
Николай Козий,мысли и сердце,data/raw_audio_data/Николай Козий/мысли и сердце,c73f9d4ca596e3cb1e5a60144ec94705c50b80a4971b623e9363a1d6b1fd329c
Владимир Самойлов,записки сумасшедшего,data/raw_audio_data/Владимир Самойлов/записки сумасшедшего,12f370a8f5adb7215d8d9c5fdc69d2bb902ba1dbb023c1b56cec3e076189bead
Ирина Воробьёва,замри и прыгни,data/raw_audio_data/Ирина Воробьёва/замри и прыгни,55ce3363f4f8710fd6b7491d894c73d641a4187ccf47a38cacc487f85e570d52
Вячеслав Герасимов,"мы, значит, армяне, а вы на гобое","data/raw_audio_data/Вячеслав Герасимов/мы, значит, армяне, а вы на гобое",60c7867d17fe92c625e8657ce1b5946334d2462ee21a4bf5ca59a959172a124b
Вячеслав Герасимов,третья причина,data/raw_audio_data/Вячеслав Герасимов/третья причина,559d50967488e573a2782aeb62697b7e7d81965d1df6432a22020f8e8a5ef1bc
Ксения Широкая,воительница,data/raw_audio_data/Ксения Широкая/воительница,55083faeee44646c4972763fa7f3fb3c55f822651e76f445cec40fbb666f6511
Сергей Уделов,армагеддон,data/raw_audio_data/Сергей Уделов/армагеддон,9e79c2fc908d370a84986639ce9dfb991ce786566040c166fcff4e4b9a75944d
Ксения Широкая,леди макбет мценского уезда,data/raw_audio_data/Ксения Широкая/леди макбет мценского уезда,aaea669aac19b9a1d027277385648813e78e0d3eff8f7530ee07eef62b35e726
Сергей Кирсанов,долг платежом страшен,data/raw_audio_data/Сергей Кирсанов/долг платежом страшен,77beda8ae424acca41ce51381b871ce186906f0f25f7d2d90e456f0b1132dfa5
Вячеслав Герасимов,оборотни в погонах,data/raw_audio_data/Вячеслав Герасимов/оборотни в погонах,974dd2023924095c54f653656e6eed385efe97ab29ae3e8a7cf60026bdc0ef42
Юрий Заборовский,сильвестр,data/raw_audio_data/Юрий Заборовский/сильвестр,30e55d90f5afcd9f585b4fc44f6b635df6f3c8c463e068cd611c9f526f08199a
Юрий Заборовский,зараза,data/raw_audio_data/Юрий Заборовский/зараза,9dc1fc3c06e7b89d8137b8309afb8ec8641b57d3870f68655c3e8e116ba4ec3f
Олег Шубин,архипелаг,data/raw_audio_data/Олег Шубин/архипелаг,cf27b1108c8c02fd3448d5bcae1a4e84a79a3b3e84ca56465edc32d6e4d68868
Олег Шубин,рухнувшие надежды,data/raw_audio_data/Олег Шубин/рухнувшие надежды,83d6777605c6877493163bb5ceba8e17fb25932cc4e664ab1917ffb85c8bbee7
Игорь Князев,история с кладбищем,data/raw_audio_data/Игорь Князев/история с кладбищем,7e163aad176bae834caf6243fc4f31b38f13820ec77c354a856477c715702e91
Николай Козий,серая мышь,data/raw_audio_data/Николай Козий/серая мышь,151f770e8265a80e3e61173191e8f1a0c397ffc26c877d609c1989d1d6a96919
Ирина Ерисанова,коралина,data/raw_audio_data/Ирина Ерисанова/коралина,008a70247644d0e99bbca910b6a312f23b717473e3dc01ccd14a26d2a218708d
Наталья Фролова,похождения нила кручинина,data/raw_audio_data/Наталья Фролова/похождения нила кручинина,e953ef70ba9551454e563e415151b961264d83c3c34afa87b536b1853d85bc65
Игорь Князев,здесь был шва,data/raw_audio_data/Игорь Князев/здесь был шва,8ae64d3d8eb8e1fe904f5ef89cc74c762e09292cfff3c2910d2a3f0e20536ebb
Дмитрий Хазанович  (Дим Димыч),пастырь добрый,data/raw_audio_data/Дмитрий Хазанович  (Дим Димыч)/пастырь добрый,00ec3b56d16d9c24273247e83b028f18f8ff774ae30ac128d19a498ab9b60852
Леонтина Броцкая,биологический материал,data/raw_audio_data/Леонтина Броцкая/биологический материал,06431de46acc382969522d744f2a978650358488081394fad4dad73793ce4f37
Владимир Самойлов,четыре миллиона,data/raw_audio_data/Владимир Самойлов/четыре миллиона,4fc4c09f65b7db68ff03771f42fdd4652cc37541d065d05d9c52cc865abf6ac2
Ирина Ерисанова,лифт на эшафот,data/raw_audio_data/Ирина Ерисанова/лифт на эшафот,6928a7a4efcd4e76e3e204e6d411f823b3ef49bc06db3addbb5e83491b2fdb47
Игорь Князев,междумир,data/raw_audio_data/Игорь Князев/междумир,d10f003749457637b1bd11ad94c300dc62916c0181f9254d8bd69f9ec2b5dcd0
Владимир Самойлов,сердце запада,data/raw_audio_data/Владимир Самойлов/сердце запада,c6cc7c7e25b27f0a57585df157fa5315a29110684e1fb47c95d019fc85596a58
Сергей Ларионов,фермер,data/raw_audio_data/Сергей Ларионов/фермер,d171357a0d7da5847c5f73a2e8f0c9724adb0348e94d1aa3e5f6e95d0319c651
Ирина Ерисанова,задверье,data/raw_audio_data/Игорь Князев/задверье,0041b1cd43fe316628f06b83beaddb4e4616360571ce190bad8eeeb0f43f409c
Вячеслав Герасимов,казенная сказка,data/raw_audio_data/Вячеслав Герасимов/казенная сказка,0eb1dd696f3ec1a072426480dca4ccc0f489883590aa82d63e4b43d620d78705
Игорь Князев,междуглушь,data/raw_audio_data/Игорь Князев/междуглушь,5f21dc244ebbce39fd3b56ddb7a3dc36db78cfdfb2489905635436b44b33d33d
Ирина Ерисанова,casual,data/raw_audio_data/Ирина Ерисанова/casual,dafa23c5ccdde63b9a0be2e4e219c112c0aca2464d9366c9609100634a642702
Вячеслав Герасимов,украденное счастье,data/raw_audio_data/Вячеслав Герасимов/украденное счастье,e5eeab574202fb3258cb8218fd44ccaec372d0c57a1eb93d6c1619bf828d64a8
Игорь Князев,мир обретённый,data/raw_audio_data/Игорь Князев/мир обретённый,b42ecf398d58e255e7fbb2a01fc29cbe5814fa3341a8bc639e8bfd27ca131bf1
Дмитрий Хазанович  (Дим Димыч),утверждение правды,data/raw_audio_data/Дмитрий Хазанович  (Дим Димыч)/утверждение правды,5170ad6c8c53cef965fcdfe44241d84e78d7cc93a84f3f2d8889e4dc883bfe0e
Вячеслав Герасимов,старьевщица,data/raw_audio_data/Вячеслав Герасимов/старьевщица,982365665512261da107c4d8d39c6a087dcef3a5aa6361203eae2b9aa3881932
Сергей Кирсанов,докричаться до мира,data/raw_audio_data/Сергей Кирсанов/докричаться до мира,8befed57814e79d8f4f7b423850ba851c66214401756db2a501a86257e6a7e4e
Сергей Ларионов,битва аферистов,data/raw_audio_data/Сергей Ларионов/битва аферистов,5941670fc70e6698306ec57dce66e588fb16f79e438ee4561248a0b6362ebc4b
Сергей Ларионов,дело «тридевятый синдикат»,data/raw_audio_data/Сергей Ларионов/дело «тридевятый синдикат»,cc1878546935fd913b6d32c6461e2fca90e3552e6e316168917a857b35380093
Сергей Ларионов,безумный лорд,data/raw_audio_data/Сергей Ларионов/безумный лорд,4d8443bbd8afb631f3e2e6580dabecac9b46087a6c09eca32ff483d7bef0686d
Сергей Ларионов,джокер,data/raw_audio_data/Сергей Ларионов/джокер,5c8e646f14f22a5b3453a432357d0f5a544692d28f54f4396e47e430e95ecfc4
Сергей Ларионов,дитя стужи,data/raw_audio_data/Сергей Ларионов/дитя стужи,7aa3b302f4b62761659f5f6783fbfbc980f246b3f4943cd4247d33ef8b9ed72e
Сергей Ларионов,запретная любовь,data/raw_audio_data/Сергей Ларионов/запретная любовь,5c4afdd5b96e62a47cb40f664c377fa364f0703efb4d6791afb83ebeb7ae8e83
Сергей Ларионов,ковчег,data/raw_audio_data/Сергей Ларионов/ковчег,caae956e57ec9e00efc6a4e7924e3794a6af7b9b152decb2aa556e2c095a48a7
Сергей Ларионов,ликвидатор нулевого уровня,data/raw_audio_data/Сергей Ларионов/ликвидатор нулевого уровня,a57ab67dae1bf4be23f02b31d99508794fd8a360e47dce068d65e2e48bd13c7d
Сергей Ларионов,ловец удачи,data/raw_audio_data/Сергей Ларионов/ловец удачи,77478a4ffb7bc0ca21e4f140cb64737afcee0c404ebb995946bc32ca70de947c
Сергей Ларионов,операция «у лукоморья…»,data/raw_audio_data/Сергей Ларионов/операция «у лукоморья…»,436d7ce00baaac0d54d71b165bae810ae871c99584cace2def9ba1d87132e51a
Сергей Ларионов,невеста для императора,data/raw_audio_data/Сергей Ларионов/невеста для императора,65eaacc89f02857a1a6c38feb286ce0f20176c10382249c8a372c004221da267
Николай Козий,одеты камнем,data/raw_audio_data/Николай Козий/одеты камнем,68fcf35d94f2ad54b6975d6cdef890a10526a30c3d762ab05bc988835f55ee3c
Ирина Ерисанова,гобсек,data/raw_audio_data/Ирина Ерисанова/гобсек,880bc8d0ff514e1ddd11d6e3b9db0a1fa8935bfd14905fde265e22b14b2393f4
Николай Козий,вендетта,data/raw_audio_data/Николай Козий/вендетта,37715958bcf1b3c5f4d077b29300eb513da9f1ec4910b35c8b631e8dd2805513
Николай Козий,гобсек,data/raw_audio_data/Ирина Ерисанова/гобсек,880bc8d0ff514e1ddd11d6e3b9db0a1fa8935bfd14905fde265e22b14b2393f4
Сергей Ларионов,паладин. изгнанник,data/raw_audio_data/Сергей Ларионов/паладин. изгнанник,24138a7052d2e5a6e69a0c48d3874f9f1e94f62e8661290e4965830cb27957e3
Ирина Ерисанова,полковник шабер,data/raw_audio_data/Ирина Ерисанова/полковник шабер,1f95fffbbaf0632ac4b196e47107e43c9ac3dabeb9e5d2648d54f81cf8f20d12
Сергей Ларионов,царский сплетник,data/raw_audio_data/Сергей Ларионов/царский сплетник,1669c6e0fc2b5323839a3e3a329a69efb4f6daaf31b27ec4a88f872e9871aca0
Сергей Кирсанов,лилия долины,data/raw_audio_data/Сергей Кирсанов/лилия долины,b79905661e2ca7f5375b9fc011623fb1da90cae6324acf155982247f6aa5de88
Сергей Ларионов,эвританские хроники,data/raw_audio_data/Сергей Ларионов/эвританские хроники,01bc0b5e22af0162cbae188d30188f0a752db11760b714ddf6a81e2783f7f4d8
Сергей Кирсанов,тридцатилетняя женщина,data/raw_audio_data/Сергей Кирсанов/тридцатилетняя женщина,a14427ce46436fdacb8ba86e52e60b98d132611a928c2c0535483eb8746f8340
Сергей Ларионов,паладин. странствующий рыцарь,data/raw_audio_data/Сергей Ларионов/паладин. странствующий рыцарь,f2d6b65bc70fc3dcb789d7091c9ce0973362f282f6175bb508cde858a51b67b8
Николай Козий,отец горио,data/raw_audio_data/Николай Козий/отец горио,2c4e9a7db3d729ea5400d1fb788ddf94704cc883804a15d682c569c382856d12
Евгений Терновский,испытательный срок,data/raw_audio_data/Евгений Терновский/испытательный срок,c69519187692ee1c2dad512f078c4e85f39d9097958fa310c053fe6f6b545185
Евгений Терновский,жестокость,data/raw_audio_data/Евгений Терновский/жестокость,9f0065f9862f0c189a03b39033a7ea982cabd3aaf54f115de9d58a1970e9d4d1
Евгений Терновский,шагреневая кожа,data/raw_audio_data/Евгений Терновский/шагреневая кожа,4fe0ea6c69d8a693d3a6f3cf76c2bf992a8f9d6b2429da42e6e34ab9485f2807
Юрий Заборовский,похитители красоты,data/raw_audio_data/Юрий Заборовский/похитители красоты,187877982e7d86848b36dcb9e5cbc28b541eb87a9554883a1a6d6ca68e21e794
Надежда Винокурова,дора брюдер,data/raw_audio_data/Надежда Винокурова/дора брюдер,5eedb7429ebd9c1fe1e1df77a58fbdb1b08598f539cc2e375ba4ca90b0a74bc4
Ирина Ерисанова,незнакомки,data/raw_audio_data/Ирина Ерисанова/незнакомки,3733fa13d2d5a95ced6fcf6819690b7cf348263814268aec01a375382d3e2555
Вячеслав Герасимов,мэри поппинс с вишнёвой улицы,data/raw_audio_data/Вячеслав Герасимов/мэри поппинс с вишнёвой улицы,3d9fb5709fb5822540d2d88e8e0190c38703739edf647a745906bdd17b440bc4
Игорь Князев,затонувшие города,data/raw_audio_data/Игорь Князев/затонувшие города,d0d528a8d8cced460cbfae4df2859afdaa9ac9a1fa9e1973d52e0e801b3f7bce
Евгений Терновский,блеск и нищета куртизанок,data/raw_audio_data/Евгений Терновский/блеск и нищета куртизанок,868517fa0c5f8ff596113330a330b3ddc37af0e2581f64d3b7393543b4fea8a2
Александр Чайцын,опальный капитан. спасти новую землю,data/raw_audio_data/Александр Чайцын/опальный капитан. спасти новую землю,571356f7f0805cb5bc4191f8ad84d8b803d31202baa0fd9af43f4fc790c44cef
Татьяна Телегина,семь суббот на неделе,data/raw_audio_data/Татьяна Телегина/семь суббот на неделе,cd89acb5f7e239956abe4a898167d4f010d236b56871f57ba889f74c6c844744
Татьяна Телегина,смерть пилигрима,data/raw_audio_data/Татьяна Телегина/смерть пилигрима,c4f4dd959ea690be91e65b0b6a47ac12e31aaff4a0bc9ef43701b212254d1387
Вячеслав Герасимов,"тысяча благодарностей, дживс","data/raw_audio_data/Вячеслав Герасимов/тысяча благодарностей, дживс",fa474a71651d86d270e0e43f4dc72f4368a3f70270d5b499a6e45c5986e81cb4
Ирина Ерисанова,вскрытие показало...,data/raw_audio_data/Ирина Ерисанова/вскрытие показало...,6e3f27dc33af89ef30b85eb55816d6b7bf2eb05bb49ba3df0fdfa1a70cfb35bb
Юрий Заборовский,палачка,data/raw_audio_data/Юрий Заборовский/палачка,3db91bbf7157475c708ee77bdb778024c38bc839d9364d51bf4a0877bfdb4712
Вячеслав Герасимов,дева в беде,data/raw_audio_data/Вячеслав Герасимов/дева в беде,3af69d2c7fa438fae48db0944fdf997f8576e949f5cfdf50c39193d616356d99
Сергей Кирсанов,след,data/raw_audio_data/Сергей Кирсанов/след,bf01798b225b022b08aecc41cff9e58ee16ad64324f6fd66a699fd069cfbd83c
Ирина Ерисанова,цирк монстров,data/raw_audio_data/Ирина Ерисанова/цирк монстров,6efc1a1829641a5eb194b9e04479fbd025a7789b92d0eccd9fb1b99ea75ccb0c
Ирина Ерисанова,"швед, который исчез","data/raw_audio_data/Ирина Ерисанова/швед, который исчез",38c187360c8868458fe42be244d59106760dbb63d3e86c9bb3c7076a5ab6a998
Леонтина Броцкая,"полиция, полиция, картофельное пюре!","data/raw_audio_data/Леонтина Броцкая/полиция, полиция, картофельное пюре!",359789e8fd8399d914a3e2e4222444825975c4889b718cdf13ff8ae61d9beb59
Ирина Ерисанова,рыба. история одной миграции,data/raw_audio_data/Ирина Ерисанова/рыба. история одной миграции,0c5cb33765856de19318e6f50dc9cd241142ef758f600f7f2b4a9cac682b9b22
Николай Козий,запертая комната,data/raw_audio_data/Николай Козий/запертая комната,753bc3f2bf1c29f9c09b6cb1ebe8c3afad5a2f2d510c76815e61167a038fd426
Павел Конышев,еще один год в провансе,data/raw_audio_data/Павел Конышев/еще один год в провансе,9d127814b1c18ae5ba7599b0483a7ffd2642985fa0bb9ac248ad4f12d1e6f82d
Сергей Кирсанов,человек по имени как-его-там,data/raw_audio_data/Сергей Кирсанов/человек по имени как-его-там,089db858033fb875f20156c4cb762fe5db01b41429097ce067590b6e2de38449
Ирина Ерисанова,лондонские сочинители,data/raw_audio_data/Ирина Ерисанова/лондонские сочинители,7ec37c8a9196244709308bae04940b715d441b03a4e1c430ed199554242bc392
Ирина Ерисанова,мистер вертиго,data/raw_audio_data/Ирина Ерисанова/мистер вертиго,1461cc8718e033a6c879016e5e56f3b265fc48528433c7fc7e33a6e5b6a5e30f
Надежда Винокурова,музыка случая,data/raw_audio_data/Надежда Винокурова/музыка случая,191cb78bdbcbd2e1fe54469cce394ee0644a27eb164be93c632ea8d53b333a0b
Вячеслав Герасимов,убийце — гонкуровская премия,data/raw_audio_data/Вячеслав Герасимов/убийце — гонкуровская премия,236c358ec9ea800e2d177a454bc7a381314d7a288dee682d2254dc402db69eb6
Ксения Бржезовская,девушка в поезде,data/raw_audio_data/Надежда Винокурова/девушка в поезде,4d258f25637eb3fd8c720c44f64fcdfb9919824a71e6a784982bad9b9049a0c0
Надежда Винокурова,девушка в поезде,data/raw_audio_data/Надежда Винокурова/девушка в поезде,4d258f25637eb3fd8c720c44f64fcdfb9919824a71e6a784982bad9b9049a0c0
Сергей Кирсанов,антихрист,data/raw_audio_data/Сергей Кирсанов/антихрист,4d3d07d7d8b7d817eb3a833b338bbc3446743cd58c4320ae48012bf3a4b9626d
Вячеслав Герасимов,забытое королевство,data/raw_audio_data/Вячеслав Герасимов/забытое королевство,35456ef31529e34bd9de29fc0e0256125f62438cb8029092d19446d39dc14162
Дина Бобылёва,чайный фургончик рози,data/raw_audio_data/Дина Бобылёва/чайный фургончик рози,d49adfb009eafc198c6a1b35fadad4116f34bf904c645e9b24250cef6b9466e1
Сергей Ларионов,вместо улики,data/raw_audio_data/Сергей Ларионов/вместо улики,0827c95904758724866f9fde4c1791d2a652d6cce83c5f3a1843c6396d4fd30d
Николай Козий,крамнэгел,data/raw_audio_data/Николай Козий/крамнэгел,00ba85258a8e432f0222fdff38f7f1beb30478beecb0d773067ae7c169347950
Игорь Князев,морские звёзды,data/raw_audio_data/Игорь Князев/морские звёзды,366a974022db94d204c44eae29dee37c8ba3bef2e51784e84b3bb1c4104c6404
Сергей Ларионов,не рой другому яму,data/raw_audio_data/Сергей Ларионов/не рой другому яму,a9949cfc841a9da22eb94013a40ac02c6d56fc37c227ffe0eb154f0aa1d38b5d
Сергей Ларионов,когда человек убивает,data/raw_audio_data/Сергей Ларионов/когда человек убивает,a83c0a99c8a8a7514d817218a09063bb4cec3cdb5206905fbc314710386a8fff
Сергей Ларионов,окно смерти,data/raw_audio_data/Сергей Ларионов/окно смерти,72f4b8978e196e2252ab257758619fa5e330a806b9d31a90192d853846b3b12d
Сергей Ларионов,игра в бары,data/raw_audio_data/Сергей Ларионов/игра в бары,75261cd5ef47c2a3449435cbb506d080fbac87ce7a11b9bf9465df6e26a89b2a
Сергей Ларионов,подделка для убийства,data/raw_audio_data/Сергей Ларионов/подделка для убийства,cf51aedf1fa40a8ca318e881976a7ae5867cd966f1d1dc2e878520a2e0024056
Владимир Левашёв,книга джунглей,data/raw_audio_data/Владимир Левашёв/книга джунглей,70eeba253d12ed19298ad64854fb52317814d93a4748ffb0c2655530c15484a2
Сергей Ларионов,окончательное решение,data/raw_audio_data/Сергей Ларионов/окончательное решение,68e44ebecd8c5a9096e21875c4c853eb807d16e472fd900a9a42be3a4a4c7845
Сергей Ларионов,приглашение к убийству,data/raw_audio_data/Сергей Ларионов/приглашение к убийству,80600344dec69a7505505070af1538b3cda0519341d186db5e1c8b38a9c14e39
Сергей Ларионов,прежде чем я умру,data/raw_audio_data/Сергей Ларионов/прежде чем я умру,019aa7ebe02afe694441856b59075510cc3f9559d2bd24209e0c0c678cd57d7b
Сергей Ларионов,смерть демона,data/raw_audio_data/Сергей Ларионов/смерть демона,a6633d0a666fc501c264df29c66006d7d92cb98d0eb22df1a8b876512e26d04d
Вячеслав Герасимов,требуется мужчина,data/raw_audio_data/Вячеслав Герасимов/требуется мужчина,a09d3db1ec7e13ee03a5d5c53443fcdf7925af64c09bb1230bdc2df3731b3b58
Сергей Ларионов,с прискорбием извещаем,data/raw_audio_data/Сергей Ларионов/с прискорбием извещаем,b8161d4e1a9f644480a4e67b6033e2b6b6ab123cdd5077afe2041f07d14ce88e
Юрий Заборовский,убийство полицейского,data/raw_audio_data/Юрий Заборовский/убийство полицейского,53defca8667f374c9033fe02378197c27f55440f2de44d671b54628979577b13
Вячеслав Герасимов,пасхальный парад,data/raw_audio_data/Вячеслав Герасимов/пасхальный парад,29e6958cfa1a1aa57e40ae82528e92c2f83694037f93202c9cb5f538064cf952
Ирина Ерисанова,дорога перемен,data/raw_audio_data/Ирина Ерисанова/дорога перемен,32e8144ffb1c784e1dfda285ee6c48206c98b3711b16fb49c128fd1b36b9977b
Ирина Ерисанова,счастливый брак,data/raw_audio_data/Ирина Ерисанова/счастливый брак,f0bb45f8defd0b72bd607b788cd618de0c4a5590074d3e7418d858b7f73e1dc0
Ирина Воробьёва,смерть героя,data/raw_audio_data/Ирина Воробьёва/смерть героя,568783fda365261bbd4eefd57c9f984cf0ebcfe4e489328b3f260131fdb8afbf
Юрий Заборовский,джокер в колоде,data/raw_audio_data/Юрий Заборовский/джокер в колоде,06b9df0f63d3c0daf636d851f3e1f3763181e1aebc2dc697b2df38eb6e962ad3
Юрий Заборовский,смерть выберет тебя,data/raw_audio_data/Юрий Заборовский/смерть выберет тебя,231f33271bcd6c391bf0dd1304df5f184cc6d07c94d11373d309622b9be23cf7
Ирина Ерисанова,проснуться живым,data/raw_audio_data/Ирина Ерисанова/проснуться живым,9e116f7d4f883bf0e60dd95775454e5498e43767acddec6bfc5051d0405df740
Ирина Ерисанова,самвел,data/raw_audio_data/Ирина Ерисанова/самвел,9436736d00bb7db28466c42e74b558985fdc483b5e58860c4e2d6ca321fc637b
Юрий Заборовский,"тебе конец, убийца","data/raw_audio_data/Юрий Заборовский/тебе конец, убийца",28e3071e2482d9d59b6cbf56828ebade811dfdcccb0e719607f78d61017fb0de
Ирина Воробьёва,ночная гостья,data/raw_audio_data/Ирина Воробьёва/ночная гостья,ba361f58d735eadf101f47f98e1e1354c26ba02bb210a90a60f0fc4e21dc02ad
Ирина Ерисанова,разворошенный муравейник,data/raw_audio_data/Ирина Ерисанова/разворошенный муравейник,24c82315f776c20c07f77834d73a4185c26f1b18d07af2fcc2f963d05b8c83bd
Ирина Воробьёва,уик-энд на берегу океана,data/raw_audio_data/Ирина Воробьёва/уик-энд на берегу океана,54fb87ee31f3535ea73ec7fd14df27bbab2ad8a797a14154041f03f351abfbf8
Вячеслав Герасимов,разумное животное,data/raw_audio_data/Вячеслав Герасимов/разумное животное,630be475988146776413bfc07a6342a2b9b081f47f4b3d6a1bd5c203b822eb4c
Сергей Ларионов,мифонаименования и извергения,data/raw_audio_data/Сергей Ларионов/мифонаименования и извергения,92b273713a1c303ffed3d87ed65bd31d7aee16da0ff1e9a370123f7b0e788813
Ирина Ерисанова,карты в зеркале,data/raw_audio_data/Ирина Ерисанова/карты в зеркале,d95f0e6e2406d0cab2e076efc6827b7e549abb71f17fb0c9f82d1993d35b450d
Игорь Князев,видоизмененный углерод,data/raw_audio_data/Игорь Князев/видоизмененный углерод,d000536a6e830b5c288d73048ca56d953797349c5e4d11c6f87e756e5af141f6
Сергей Ларионов,шуттовская рота,data/raw_audio_data/Сергей Ларионов/шуттовская рота,83f16dc26554aa8a773b14742446a415fb863b29dff955d9c3fee7fc0d6414d5
Ирина Ерисанова,мадрапур,data/raw_audio_data/Ирина Ерисанова/мадрапур,749fdbe0e06b36a518fae0f0375ab9c5ba2d203d4b46407381c264af3fab7de3
Ирина Воробьёва,колокола,data/raw_audio_data/Ирина Воробьёва/колокола,2a97a208f568abad7fcc245fb29fd41abbace735087a4aa089dff5e941ddeb11
Сергей Ларионов,нет шутта шуттее старого шутта,data/raw_audio_data/Сергей Ларионов/нет шутта шуттее старого шутта,a2949ddcd216caae38aae48e08a29fe7ca4c5c82442ad5faf9a52068d7a3da1a
Сергей Кирсанов,клуб самоубийц,data/raw_audio_data/Сергей Кирсанов/клуб самоубийц,851c34605a7fda1673023cf742e24803413526cd3f333bc412e519377434b3e6
Вячеслав Герасимов,"я, клавдий","data/raw_audio_data/Вячеслав Герасимов/я, клавдий",2cee5eb3d521c31a328babd1ec207b489ca0588b5ebdcad43f1b82c7a7daf1df
Сергей Ларионов,шуттовские деньги,data/raw_audio_data/Сергей Ларионов/шуттовские деньги,69343e35b7141bb5c7056d897848ea6e54b6ef10bc115f64ea280aa21b1a290b
Сергей Ларионов,шуттовской рай,data/raw_audio_data/Сергей Ларионов/шуттовской рай,de3d25423fd20ca3c82d2d124ce83d585a38650a03a6814a577dfb53a3e0b10c
Ксения Бржезовская,темные воды,data/raw_audio_data/Ксения Бржезовская/темные воды,89652630796306732d33a1843eadccc5ae84fc48ca8b13f74dbe5d5dba6aa26c
Сергей Кирсанов,имя ветра,data/raw_audio_data/Сергей Кирсанов/имя ветра,3dea2fef5aa55245e0ec547936ac75017597fa0a19db1cdddaa3d8673e24581a
Александр Карлов,проблема туземцев,data/raw_audio_data/Александр Карлов/проблема туземцев,40693bb4c5c6c840d5a127a8a9e61f9ab126d80cef62d49ad06fa4cc3b17c9fa
Александр Карлов,поднимается ветер,data/raw_audio_data/Александр Карлов/поднимается ветер,599de3894f02083a8297bcc6845cd508f6e3cd8cb398db69544171f4bd7f9689
Николай Козий,цивилизация статуса,data/raw_audio_data/Николай Козий/цивилизация статуса,0d1220073132f0746caf2a9546786791888bca0658c6a3bec50166b9c155f745
Александр Карлов,я и мои шпики,data/raw_audio_data/Александр Карлов/я и мои шпики,a5e3528d4eee924f43096cfa77cd434d1806d3ba8b4cdb718cdb765a3dd49cae
Сергей Кирсанов,алхимический марьяж элистера кромптона,data/raw_audio_data/Сергей Кирсанов/алхимический марьяж элистера кромптона,3b028ee092c622aaa920e82bde856f310c3b8cffc096c275a6d66b6719e923c9
Сергей Кирсанов,кукловоды,data/raw_audio_data/Сергей Кирсанов/кукловоды,7f11bb87cfc37104941cdda1131b1da3975ba3e8ec86a1c1842ad325706034be
Юрий Заборовский,идентификация борна,data/raw_audio_data/Юрий Заборовский/идентификация борна,0f89fced98378fb683d31a218960b5ba6c4b47c9ba374fa06018eb60341e63dc
Вячеслав Герасимов,мальвиль,data/raw_audio_data/Вячеслав Герасимов/мальвиль,d172eb490ebef9191aea47f42fe912c3131e65d7535cecf35a93e29dec991c4a
Сергей Кирсанов,чародей,data/raw_audio_data/Сергей Кирсанов/чародей,8f82967393bf707fda8c0414f15c12f2ecef9000db555b0eb43fb62b4175bc25
Ирина Воробьёва,судья ди за работой,data/raw_audio_data/Ирина Воробьёва/судья ди за работой,9800de2983770e3d790817cd09088e4d606edf0bf535e47c6357051f8cd5a724
Игорь Князев,мистер слотер,data/raw_audio_data/Игорь Князев/мистер слотер,e37d974241d02a4bd54839c9ccf9a932f1edd993fe31b86c46b2a9496fc25655
Сергей Кирсанов,смерть в лиссабоне,data/raw_audio_data/Сергей Кирсанов/смерть в лиссабоне,a1ed4eb3531d735e54de34084b535354c0d98e4e635e4b229cb2a661558710e3
Игорь Князев,всадник авангарда,data/raw_audio_data/Игорь Князев/всадник авангарда,6ac01c3e33778de4fc85dca157abe37380134d59786460872ceacf7c3c8f47ff
Вячеслав Герасимов,страхи царя соломона,data/raw_audio_data/Вячеслав Герасимов/страхи царя соломона,58a395b762c84f1410281b0fdde92869357327a34adbcd377b6279939baf7e3f
Дмитрий Хазанович  (Дим Димыч),прыжок,data/raw_audio_data/Дмитрий Хазанович  (Дим Димыч)/прыжок,f694d93e67c71594a78940b7417a5cca97212f1d8ba0a93eaa5e654590b78dae
Дмитрий Хазанович  (Дим Димыч),счастливчик сандерс,data/raw_audio_data/Дмитрий Хазанович  (Дим Димыч)/счастливчик сандерс,49ff3be9c9c19e23fb9394d082d816cd5e1d3f8f4dbed9b2fe054196209e88e1
Евгений Терновский,заклание волков,data/raw_audio_data/Евгений Терновский/заклание волков,601c0b2611b032c16da43ebbf4856fdaeb77f89e782afdb7536db82c989a6c29
Николай Козий,обрекаю на смерть,data/raw_audio_data/Николай Козий/обрекаю на смерть,8495cdf602369f3d39a14f82c64a67cadd507f6d4ae611821ec99a7f766b6bbe
Надежда Винокурова,"лето, прощай","data/raw_audio_data/Надежда Винокурова/лето, прощай",166afe0f7ec29b9b2581037cdbac1b8f0bf7823fdfd9afce516870b55a836efa
Леонтина Броцкая,поцелуй дочери канонира,data/raw_audio_data/Леонтина Броцкая/поцелуй дочери канонира,421fe603e1282857213dbadf4aa25784ddfb6a461d0449618af0953c2711478d
Евгений Терновский,вино из одуванчиков,data/raw_audio_data/Евгений Терновский/вино из одуванчиков,c6701c17e50c7721c43748338b48e74c7b3a81dfda1b84c968d6fa1dd920ff4f
Сергей Чонишвили,в стране водяных,data/raw_audio_data/Сергей Чонишвили/в стране водяных,964cbca0f9e7dfcd87acb41b00e149b12faa5ada28d1d3b22fcd94f978ff6ec8
Сергей Ларионов,шелтервильские истории,data/raw_audio_data/Сергей Ларионов/шелтервильские истории,b2a9c20e699524c48f8dca858b5e8e9fb38136d74c5d5cc33d3b829ecde8cb2a
Ирина Ерисанова,вождение вслепую,data/raw_audio_data/Ирина Ерисанова/вождение вслепую,21ff4e4c45d0cb01b0d6bb39aef48e6325058f6bc6aca8f42e0cbdb33b2a9e39
Сергей Кирсанов,отныне и вовек,data/raw_audio_data/Сергей Кирсанов/отныне и вовек,cc874a61c810cc5b32559e120dbf271d3591f1cef3f4873b1473cf5669938cfb
Сергей Кирсанов,марсианские хроники,data/raw_audio_data/Сергей Кирсанов/марсианские хроники,1705d19b495e0a154b2d7a8af45ddec10465df33b3b93c6eb398af24e8385f16
Игорь Князев,рассвет,data/raw_audio_data/Игорь Князев/рассвет,e9b22eab518570fc8ae7d878b2c74f8c2a1b72964781a53dfb2e20360a1b9aec
Евгений Терновский,вечный сон,data/raw_audio_data/Евгений Терновский/вечный сон,a3185cc7db802360064661cd66e7e4d61561d3e7e0057dd2e5a4b9f6a453f1ca
Леонтина Броцкая,тяжелый понедельник,data/raw_audio_data/Леонтина Броцкая/тяжелый понедельник,42fc5b97de9af75408dd5a347563d15e580d13e24d73b915582b48b62cce40b2
Сергей Кирсанов,санктус. священная тайна,data/raw_audio_data/Сергей Кирсанов/санктус. священная тайна,0609e495805d819f54ac883909979f62dd48dc91af078468a4e280a336e4affe
Татьяна Телегина,родимые пятна,data/raw_audio_data/Татьяна Телегина/родимые пятна,032637b7cd4e798b116b137898fc3b351c7e2e855bbf1287d2ee7071b4a55653
Вячеслав Герасимов,дом обезьян,data/raw_audio_data/Вячеслав Герасимов/дом обезьян,b0b0d52366a8e300dbffe42e6e089bb552d7c67a2924595a4ae5cf5ea2db28a5
Ирина Воробьёва,травля,data/raw_audio_data/Ирина Воробьёва/травля,50187eb7f4f7bcd1a4fba2740e3a1d94d8cbae456a9e2b4fdcd2b7ecdea6b4c5
Дмитрий Хазанович  (Дим Димыч),ночь триффидов,data/raw_audio_data/Дмитрий Хазанович  (Дим Димыч)/ночь триффидов,3ddba7c5e6e46e73574ad42f631bddd401b10eb7a83ceb1656ef084617d859b6
Ирина Воробьёва,и пели птицы...,data/raw_audio_data/Ирина Воробьёва/и пели птицы...,b5602bb5affce7ef0aee99a60783fe690db78cf499c3b5f91e3d86ac44b64d69
Ирина Ерисанова,французский шелк,data/raw_audio_data/Ирина Ерисанова/французский шелк,6d8734e062580a0fbc4ec88894e91cebfb3026943efb0a24cd5f900c674c0cc1
Дмитрий Хазанович  (Дим Димыч),"студентка, комсомолка, спортсменка","data/raw_audio_data/Дмитрий Хазанович  (Дим Димыч)/студентка, комсомолка, спортсменка",18a2bc3e47c2e7b305df7b33177d0de1f1ef32937ed57e329262970e420c4ad7
Николай Козий,шарлотта левеншельд,data/raw_audio_data/Николай Козий/шарлотта левеншельд,03628a0179b7a40bd0754ec29fd52ba9f07ec4b463cd0b9125c5caebe1706ae5
Сергей Кирсанов,алиби,data/raw_audio_data/Сергей Кирсанов/алиби,5156220634aa751b93e624ae24b94e93178cdd219495f75899397cb52b9bc37d
Николай Козий,крутой поворот,data/raw_audio_data/Николай Козий/крутой поворот,f1a31a185d1eb4057ae3ea6a6d72bb617f69e826cd1458244c7e82f206443855
Ирина Ерисанова,ночной дозор,data/raw_audio_data/Ирина Ерисанова/ночной дозор,ab277924203918b74142dffcd2eba6a78b442b558f4e92fb8413fc8752a3a669
Вячеслав Герасимов,стихотворения,data/raw_audio_data/Вячеслав Герасимов/стихотворения,ada77a4d84858e46a91cf0b3fc5bf9ddbb71c02812a99242f47b8ca6f1d21a2d
Николай Козий,среда обитания,data/raw_audio_data/Николай Козий/среда обитания,4e09b0001dae5aee575f6459409f282ac0aee16ac7227e3b30ff42fdf0f14681
Дмитрий Хазанович  (Дим Димыч),ренегат,data/raw_audio_data/Дмитрий Хазанович  (Дим Димыч)/ренегат,a527e8dd347a2c4ed7690e3bda09cdf345cecda7479476242182962de515f5a1
Сергей Ларионов,многорукий бог далайна,data/raw_audio_data/Сергей Ларионов/многорукий бог далайна,0382961f016d425c66ee02ef555c9fe5683cb5e52628e680e1400e523a86ed77
Сергей Кирсанов,"франсуаза, или путь к леднику","data/raw_audio_data/Сергей Кирсанов/франсуаза, или путь к леднику",6f70454eb4aaad47feb4b414bf4be3030aa55467f62111f2dd7c08a88791cce3
Сергей Ларионов,байки офицерского кафе,data/raw_audio_data/Сергей Ларионов/байки офицерского кафе,2212a6ae6aff70057f93a643a56f697c4d2c21271cf50d3364e4329d3ebd0b23
Ирина Ерисанова,тонкая работа,data/raw_audio_data/Ирина Ерисанова/тонкая работа,adb7fb21c08faec0ac74c795d760f2c57c43cdc37cb712e81ba5f16bd9490a80
Вячеслав Герасимов,дорога на урман,data/raw_audio_data/Вячеслав Герасимов/дорога на урман,ef62174d306c7603df3395ef18f3cfc37890e9682c264a29939ae604e1949ea7
Евгений Лебедев,о людях и бегемотах,data/raw_audio_data/Евгений Лебедев/о людях и бегемотах,cccb417dedc826931ef50f1f03d17271b51aab87086209716396b172be42c593
Сергей Кирсанов,царский двугривенный,data/raw_audio_data/Сергей Кирсанов/царский двугривенный,3231b1e89b5303e7dfc11d20e7b55a7f7747125dc942514e2427b31f705a4ea7
Ирина Ерисанова,не верю. не надеюсь. люблю,data/raw_audio_data/Ирина Ерисанова/не верю. не надеюсь. люблю,d590b9db5ea366981f7b26d1f0c69217e39028e206babe1db96ed9f492dedbce
Юрий Заборовский,галактическая разведка,data/raw_audio_data/Юрий Заборовский/галактическая разведка,085607cc15435e608274ec0e0382e0d119f2820e4e5f6d9816dad729b666625e
Дмитрий Хазанович  (Дим Димыч),везуха,data/raw_audio_data/Дмитрий Хазанович  (Дим Димыч)/везуха,a85d3865a5b7ebfdae596c820d979033a2452cb4e248945b3a23ba76c80c8376
Ирина Ерисанова,дом шепотов,data/raw_audio_data/Ирина Ерисанова/дом шепотов,a3450466b0fa21abbce2db98d384e6f60155309d1176349ccb4d46bed038eb03
Сергей Кирсанов,"все кошки смертны, или неодолимое желание","data/raw_audio_data/Сергей Кирсанов/все кошки смертны, или неодолимое желание",f7b9ad334e36cb0b4d60bf6100304e8dc5afb46cd8dc08f34417c77d56500b26
Дмитрий Хазанович  (Дим Димыч),древний. война,data/raw_audio_data/Дмитрий Хазанович  (Дим Димыч)/древний. война,a6a8d0f663a4e6c8d7a9a956b0e02299e1d4b2fa134de343e0dc062e8c4cb3a4
Ксения Бржезовская,расколотые сны,data/raw_audio_data/Ксения Бржезовская/расколотые сны,5b108e6f9865a7538a4c739785619af1823c6ec01d1b164a1436706bfa9552ae
Юрий Заборовский,звезды сияют с небес,data/raw_audio_data/Юрий Заборовский/звезды сияют с небес,bb175713d66ddaaec249ba964a569dac5b428f22ccf7a5b8fc12e34b5c68bcea
Игорь Князев,сорвать маску,data/raw_audio_data/Игорь Князев/сорвать маску,0b99078f8982765ac531ca53f7934fcd3b465954ac09643800c2a4148b915dbd
Вячеслав Герасимов,хозяйка,data/raw_audio_data/Вячеслав Герасимов/хозяйка,20097403b6b93a9c89db0edca5240261affce0eb1be9e4516dbba763b03fb148
Ксения Бржезовская,рухнувшие небеса,data/raw_audio_data/Юрий Заборовский/рухнувшие небеса,2e7dddb0d1f0ad5d86a33fa360dc64f397dce8368c1c07cc436d725f84e118f7
Юрий Заборовский,рухнувшие небеса,data/raw_audio_data/Юрий Заборовский/рухнувшие небеса,2e7dddb0d1f0ad5d86a33fa360dc64f397dce8368c1c07cc436d725f84e118f7
Дмитрий Хазанович  (Дим Димыч),братство тени,data/raw_audio_data/Дмитрий Хазанович  (Дим Димыч)/братство тени,2e6fffbdea3e178a66d6a39fc4d6120dac0574bda8b2722a2b3e8fda58caf7d9
Игорь Князев,"утро, день, ночь","data/raw_audio_data/Игорь Князев/утро, день, ночь",18bf38521f312a54409f5ef2be56fa93468941e682b2ad37bac086ed9981137c
Вячеслав Герасимов,оборотная сторона полуночи,data/raw_audio_data/Вячеслав Герасимов/оборотная сторона полуночи,c9cc9c5b9c6766607905d9b86b834bf27107983c484c4d10ae01151a4b4914e5
Елена Дельвер,тонкий расчет,data/raw_audio_data/Елена Дельвер/тонкий расчет,4c54c5a9ea54dcf6187447c9d65e603d19f22075f838ecdc5ce78a036fe8d8da
Дина Бобылёва,кукла колдуна,data/raw_audio_data/Дина Бобылёва/кукла колдуна,aec38358adb617c7be87a1560c922e272f5d403b64385639e51958a35a4af19d
Надежда Винокурова,ветер с севера,data/raw_audio_data/Надежда Винокурова/ветер с севера,cd74f513309a0715f7875861f2ffc14a0cc82ff70e962059a0931f5c7749a235
Леонтина Броцкая,заговор моцарта,data/raw_audio_data/Леонтина Броцкая/заговор моцарта,1d2b82a07882994f62fdf9d07145e3b7bffe5d0f03ff9cf9994c89ebf944dd68
Александр Клюквин,падение эдварда барнарда,data/raw_audio_data/Александр Клюквин/падение эдварда барнарда,9bae417dff0bd181e952fb01774e623fd38fc5fe0894f594f8ea6db2ba45b54b
Сергей Кирсанов,принцесса викингов,data/raw_audio_data/Сергей Кирсанов/принцесса викингов,f981fd99e047927effd9f415f9986aa56149e0c83a8117cd65350418fe42dd06
Сергей Кирсанов,замок тайн,data/raw_audio_data/Сергей Кирсанов/замок тайн,0f0256d21b468b7f7dd8b52409f0bffe1dd04170f7f627642eed2cc5f7cc9c9f
Надежда Винокурова,лесная герцогиня,data/raw_audio_data/Надежда Винокурова/лесная герцогиня,1d2174a1e431bab8b3ff0779706d1ce00d88db6ada720faf2aa176bf5276decc
Вячеслав Герасимов,рождественские каникулы,data/raw_audio_data/Вячеслав Герасимов/рождественские каникулы,6411bef3527ae280cd8fd7b523c872077ef9c325a1b63656bd339d5be70f0d6b
Елена Дельвер,узорный покров,data/raw_audio_data/Елена Дельвер/узорный покров,66a445968d3165aa5f1433d98a676320a124f237ed6115466ab46a781c44e28d
Николай Козий,узорный покров,data/raw_audio_data/Елена Дельвер/узорный покров,66a445968d3165aa5f1433d98a676320a124f237ed6115466ab46a781c44e28d
Татьяна Телегина,узорный покров,data/raw_audio_data/Елена Дельвер/узорный покров,66a445968d3165aa5f1433d98a676320a124f237ed6115466ab46a781c44e28d
Александр Клюквин,острие бритвы,data/raw_audio_data/Александр Клюквин/острие бритвы,615423750aca1df0a2a9e19d57e9cfa75426779bc36fc8988c37675e6d9c9853
Сергей Кирсанов,секрет алхимика,data/raw_audio_data/Сергей Кирсанов/секрет алхимика,3a2a2b037cc9db1850c4775ee776e54b500496ce5f07c329ef52cb2c7702e844
Ирина Воробьёва,светорада медовая,data/raw_audio_data/Ирина Воробьёва/светорада медовая,cd754dc8367f98a390b66d8cc4bf4f06c7f17af0559a925ac85b2c81392df9cd
Владимир Самойлов,футурологический конгресс,data/raw_audio_data/Владимир Самойлов/футурологический конгресс,fd50b96627a219045b6d1df16907c0089bc8578408735839c194dfdaa9198471
Александр Чайцын,легенда,data/raw_audio_data/Александр Чайцын/легенда,229fcc26b0c943e18c5185fa342d97435d4534264e94e8992256dfeb19d5626d
Вячеслав Герасимов,солярис,data/raw_audio_data/Николай Козий/солярис,1258d35fd47e69e16975d2a778013b7277486cd5ac6b6387a6e44998d92776f6
Александр Чайцын,враги дедов,data/raw_audio_data/Александр Чайцын/враги дедов,00baaf14914badc72d4f6a61ff8134fd121858f5808de0f03047cc4e3a604063
Александр Чайцын,королева,data/raw_audio_data/Александр Чайцын/королева,0912ac708316fd49a37b7e36513448a43fdb42c38990d32b0d68152623f0c09e
Евгений Терновский,триумф и трагедия эразма роттердамского,data/raw_audio_data/Евгений Терновский/триумф и трагедия эразма роттердамского,d5b64445ca7a54dbe81071b0d96423392483ac3f6490fdf69c5873a1f4e04a30
Александр Чайцын,тысяча ударов меча,data/raw_audio_data/Александр Чайцын/тысяча ударов меча,d65b1872fb3c076af038826586bb5d59aeb2a660c015bfa5246859618c89779f
Николай Козий,магелланово облако,data/raw_audio_data/Николай Козий/магелланово облако,abdbf0be80f3306c6bd85d08aec1625064da95c11ce31cbb4d9bf21b130ffea1
Вячеслав Герасимов,мария антуанетта,data/raw_audio_data/Вячеслав Герасимов/мария антуанетта,653726eb1f8e2c5767b257e8086e5c6f815e258c02d3c77e0908cbee8f850918
Владимир Самойлов,эдем,data/raw_audio_data/Владимир Самойлов/эдем,04e212bc97480550da5b41e7d68c758dcc2ca18957fd4aeac16711ef3f1680ba
Александр Чайцын,люди в черном,data/raw_audio_data/Александр Чайцын/люди в черном,0297af7a1ed9fa6a60f155fc38a654e62001a34d6e932a54179ee7fdf5be0ad2
Вячеслав Герасимов,фавн на берегу томи,data/raw_audio_data/Вячеслав Герасимов/фавн на берегу томи,27318d2b05857866887ac0c37cf59b5dc94e0c7f34d08ee2d416ad7746814794
Ирина Ерисанова,способный ученик,data/raw_audio_data/Ирина Ерисанова/способный ученик,dbe4fd854507ffdb8888a15ae89bfd2644b5bb7bdfb05049c9bdaf1ebafede8e
Ирина Ерисанова,неполная и окончательная история классической музыки,data/raw_audio_data/Ирина Ерисанова/неполная и окончательная история классической музыки,6fff5cb10f34d23a3fca7602396f8d6ec9a690bc6d99cbd7f2eabd92c1681072
Вячеслав Герасимов,полицейский из библиотеки,data/raw_audio_data/Вячеслав Герасимов/полицейский из библиотеки,394eb81527eed0888a3b431fb03a3004cba1ecfbf31176a4f5576ae52c114291
Александр Чайцын,эй-ай,data/raw_audio_data/Александр Чайцын/эй-ай,95f799c37d85c6d25fec6c3f215a5c49933f4cf98f79e0f7dc3c0c92b29e9092
Леонтина Броцкая,джордж и тайны вселенной,data/raw_audio_data/Леонтина Броцкая/джордж и тайны вселенной,d3c5c8fe00c1819ec693b05845656fdb9e1212abbbda114f0744c7042b9760ee
Леонтина Броцкая,джордж и сокровища вселенной,data/raw_audio_data/Леонтина Броцкая/джордж и сокровища вселенной,7122d7d6b207061c699e9f7d2f435aa488b9ccf9c9e26b868804bde56d2f022b
Игорь Князев,мобильник,data/raw_audio_data/Игорь Князев/мобильник,e22f1fc7f7c8eb4390557dbd7bee163d36841174cededfe0c4043ac9532218a5
Ирина Ерисанова,девушка с татуировкой дракона,data/raw_audio_data/Ирина Ерисанова/девушка с татуировкой дракона,2df92313e1f908e95232c1fe8b7c0670c0e1ae0bfb4d257f8efd05db212e8b3e
Ирина Ерисанова,"девушка, которая взрывала воздушные замки","data/raw_audio_data/Ирина Ерисанова/девушка, которая взрывала воздушные замки",544a732fe0cbc1f9a609feaa24ab9bcba17810eacf9d0fa67c0872bcee831d8b
Вячеслав Герасимов,плюшевый медвежонок,data/raw_audio_data/Вячеслав Герасимов/плюшевый медвежонок,394f3e609e273afaba8274a69c24c1a48fadfbc77ef11c8d47c0cba560f6676f
Надежда Винокурова,моя чужая дочь,data/raw_audio_data/Надежда Винокурова/моя чужая дочь,24306d06448436b26db4d5d1b5e0213e2bb9f612c5e5e198321b7a4ea1ab762a
Ирина Ерисанова,"девушка, которая играла с огнем","data/raw_audio_data/Ирина Ерисанова/девушка, которая играла с огнем",aaeea66c3862646998944528e127c0bf34c84a52516232d7eab004c22b56b899
Юрий Заборовский,сияние,data/raw_audio_data/Юрий Заборовский/сияние,c2b897813fdc083afacb05fc6d3abb101d079de3f3d37649dc5224b0967c884f
Сергей Кирсанов,город,data/raw_audio_data/Сергей Кирсанов/город,59917cb0905ee058864c573fd2d00ecaf22454c57ad5639d5fffbc071d1fefba
Сергей Кирсанов,чужой сын,data/raw_audio_data/Сергей Кирсанов/чужой сын,391a298fd46b15766341f72d367c5bfefa00a354656ac8faf454b70241360010
Елена Дельвер,рабыня,data/raw_audio_data/Елена Дельвер/рабыня,f2a7d52106b90e36c773c033959512eb54ea9ae67003bc6e5586cebaca9ef3f9
Евгений Терновский,восток есть восток,data/raw_audio_data/Евгений Терновский/восток есть восток,ea0b145a77c7f4ae95d80d34eb4a7313525675830ca0a057bbe0e60f50c8bd5d
Ирина Воробьёва,расколотая,data/raw_audio_data/Ирина Воробьёва/расколотая,b52dcd0bd673d688499eb7b187f6fcfb6d6854e529d5b45918b063c5944d8d4b
Ирина Воробьёва,стёртая,data/raw_audio_data/Ирина Воробьёва/стёртая,504f6e28d25ec9d916d71eb97d6ebc0a6e3192df6c5b26962e797049f55c799b
Татьяна Телегина,полное погружение,data/raw_audio_data/Татьяна Телегина/полное погружение,a8eea241b5c5ac54fbfc503157b44708e623f0a9603031d791c3158363059d10
Ирина Ерисанова,ябеда,data/raw_audio_data/Ирина Ерисанова/ябеда,bb3fab400a628e799f869477614e58ab68c124a04ad117198012594489b6a003
Ирина Воробьёва,угонщики,data/raw_audio_data/Ирина Воробьёва/угонщики,e5039a603ebea193f6ce5b8d33c40274b5594543799269aab3236fa0a37b870b
Алла Човжик,"выжить, чтобы умереть","data/raw_audio_data/Алла Човжик/выжить, чтобы умереть",35d6a75176cf71f7b06043836b98a6c047568f02640750818ebf77a54b48c23e
Александр Клюквин,мрачный жнец,data/raw_audio_data/Александр Клюквин/мрачный жнец,a9a45e946e9486499bf1e16a4aee1e27adc31e2bfff80c67f66bb4249053151f
Александр Клюквин,к оружию! к оружию!,data/raw_audio_data/Александр Клюквин/к оружию! к оружию!,3940e4efe416164ead93cbe84a0a1d3d949a82b548d21a2a17a722aa4fdb9c05
Вячеслав Герасимов,бешенство,data/raw_audio_data/Вячеслав Герасимов/бешенство,12d26ac3c305d2ffdd368c12a85117abdcabfe41ed09c6ba1064f35ca1c5c142
Александр Клюквин,цвет волшебства,data/raw_audio_data/Александр Клюквин/цвет волшебства,6c806117a614259281a0f0f9d75891d94106cda6aa7c630201cb616e30402083
Ирина Воробьёва,три сердца,data/raw_audio_data/Ирина Воробьёва/три сердца,4d93993bec2d77ab0e239b63a90940674c79080a32445b74fe44c1574b7354b6
Алла Човжик,ученик,data/raw_audio_data/Сергей Кирсанов/ученик,5f89d187c30b6be23e0cf5c0cd01abe741cb1b415d244bce2e6ab121ac7b2fce
Сергей Кирсанов,ученик,data/raw_audio_data/Сергей Кирсанов/ученик,5f89d187c30b6be23e0cf5c0cd01abe741cb1b415d244bce2e6ab121ac7b2fce
Алла Човжик,хирург,data/raw_audio_data/Алла Човжик/хирург,3cc8d9d522c6972f9f27cdb39d89a9cbd048c1d61b6b1f64c08ca9cb4094cf66
Алла Човжик,химера,data/raw_audio_data/Алла Човжик/химера,1803c707bfb40cef5b02135ae60caa07bf60d749ad8ea098cc8ea69d85069b04
Сергей Кирсанов,химера,data/raw_audio_data/Алла Човжик/химера,1803c707bfb40cef5b02135ae60caa07bf60d749ad8ea098cc8ea69d85069b04
Евгений Терновский,новый расклад в покерхаусе,data/raw_audio_data/Евгений Терновский/новый расклад в покерхаусе,6a2c54fd1fc327e218108f688c62746f8205df072b70be35eadaffdbb78158e5
Алла Човжик,жатва,data/raw_audio_data/Алла Човжик/жатва,f66d4286182d2f9529bf45e0e28f55144ee2264e628709def0f06e209776bb63
Владимир Самойлов,дальний умысел,data/raw_audio_data/Владимир Самойлов/дальний умысел,4dde49abe151a5923f154c1d9e87a546354ce892614cc5674cae5f5a45890692
Надежда Винокурова,лотта в веймаре,data/raw_audio_data/Надежда Винокурова/лотта в веймаре,c2552a9825078d50addbcc5922db67c37cc96ebeaed0ddc4c2ae4dcca4753871
Ирина Ерисанова,сага,data/raw_audio_data/Вячеслав Герасимов/сага,ce4dfd45023ffb9155926c9ccdf335bbb67971cc21083f6415f108dfd62f59f6
Вячеслав Герасимов,сага,data/raw_audio_data/Вячеслав Герасимов/сага,ce4dfd45023ffb9155926c9ccdf335bbb67971cc21083f6415f108dfd62f59f6
Вячеслав Герасимов,укусы рассвета,data/raw_audio_data/Вячеслав Герасимов/укусы рассвета,f874c71ed14e384bfab725f84b49867d5a07de71ff5a8f1d2777188edebcb440
Ирина Воробьёва,только не говори маме,data/raw_audio_data/Ирина Воробьёва/только не говори маме,01ef982c7b2fe90f182604abc375265feb4c0f8397c32005d1bad071df0128d1
Николай Козий,теофил норт,data/raw_audio_data/Николай Козий/теофил норт,09e8076a8f91fe75f9f8b81825b64af58f28b349f24080c7cf6bf5080601f417
Евгений Терновский,теофил норт,data/raw_audio_data/Николай Козий/теофил норт,09e8076a8f91fe75f9f8b81825b64af58f28b349f24080c7cf6bf5080601f417
Леонтина Броцкая,падшие ангелы,data/raw_audio_data/Леонтина Броцкая/падшие ангелы,30ec01ad91454d6ae3786441b080fdb5314aa95f6bf1eab3cd17a508126a9b49
Ирина Ерисанова,девушка с жемчужиной,data/raw_audio_data/Ирина Ерисанова/девушка с жемчужиной,e4bf96d802fefd97aea9f31ca72428339a3ccfa39ab7942abb4a93c667d81593
Сергей Кирсанов,спящий в песках,data/raw_audio_data/Сергей Кирсанов/спящий в песках,b00b23baba18b85dded541b77d455aaa51e21913b3bb5a7537a5cf242ef30439
Елена Дельвер,вот так соседка,data/raw_audio_data/Елена Дельвер/вот так соседка,9cf23da8db40f2a17332211075dd59a8857281b07d1520960c8ca71e9d65e5c6
Ирина Ерисанова,костры амбиций,data/raw_audio_data/Ирина Ерисанова/костры амбиций,0a82e9483237a28dbbc3a3929f7ac68abe4d873a032ec158643eab4a44633f92
Сергей Кирсанов,охотники за алмазами,data/raw_audio_data/Сергей Кирсанов/охотники за алмазами,db0b3108a945491afb6a07ff1e4ecd5cf3508445ef3d2eb90884fcaa3de8b7bf
Евгений Терновский,шпиль,data/raw_audio_data/Евгений Терновский/шпиль,8744e38b7620d02975644c0bd35a94b833246cd456d12524fdd1f4ee6c431085
Татьяна Телегина,железный бурьян,data/raw_audio_data/Татьяна Телегина/железный бурьян,cdfb24420e15492a28c375777154012b99e1b05226716d3f073038b42eeb56c2
Вячеслав Герасимов,возвращение на родину,data/raw_audio_data/Вячеслав Герасимов/возвращение на родину,c677b123b7381ed88d71f595bde670e342b463edb06627a011d2668d5913574c
Леонтина Броцкая,неугомонная,data/raw_audio_data/Леонтина Броцкая/неугомонная,c862c1ba929bd5188cc98bb4a1e2e4a7b7cdacf6d8f32fe694b888df2f4a3545
Сергей Кирсанов,повелитель мух,data/raw_audio_data/Сергей Кирсанов/повелитель мух,55c9c49e6fed9aefabfd220751dcd99eb9a565643550504628ea9eb21b3bc9b9
Вячеслав Герасимов,человеческая комедия,data/raw_audio_data/Вячеслав Герасимов/человеческая комедия,fa7b817ec80329152c83e3d2ac212dfe9b3ffdf825d06e32c944509e702be1ff
Всеволод Кузнецов,осквернитель праха,data/raw_audio_data/Всеволод Кузнецов/осквернитель праха,e12281ac0d8b1d365cc798b2f09ca7804437753a0eb9f3d9bb8cd50aa530707f
Николай Козий,пан сатирус,data/raw_audio_data/Николай Козий/пан сатирус,df9cee3a3fa026b495f2213a0d01774e2276fff8aa7016e2d7e921ca785ac67f
Вячеслав Герасимов,не кричи: «волки!»,data/raw_audio_data/Вячеслав Герасимов/не кричи: «волки!»,92403cd4b52d99c06609da16c4cb44774e2be36b61a050091b2331090544a630
Сергей Кирсанов,хижина,data/raw_audio_data/Сергей Кирсанов/хижина,7aa0395bfe3e9d655f96cd354df905dd33b2ec9f03b73e5c1ed0d158938287c2
Юрий Заборовский,проклятие могилы викинга,data/raw_audio_data/Юрий Заборовский/проклятие могилы викинга,479cf5b5edeb261201cd0d05ba2a1a343805c31d61d3a42564881e5751d22523
Вячеслав Герасимов,аттила,data/raw_audio_data/Вячеслав Герасимов/аттила,3fc2e700f3e8644b783786944eb6273fa90443e008c3f4eafaeedf5eaa45d532
Олег Шубин,бюро корректировки,data/raw_audio_data/Олег Шубин/бюро корректировки,2cd1f295bc2c7670681ab08956890cc7d771675bae95900c01ab0fd74c159a8c
Сергей Чонишвили,свет в августе,data/raw_audio_data/Сергей Чонишвили/свет в августе,29cbaa8da3cf464b6ca4dcac6c0f7b0cd2c2ff90058b013fa7dc6d9cf0f24a2c
Вячеслав Герасимов,калейдоскоп,data/raw_audio_data/Вячеслав Герасимов/калейдоскоп,2e6463fb5d16f1aadd0cdd74e79e53f10fc4b2c84bdff1715492140f8329092a
Сергей Кирсанов,свирепая справедливость,data/raw_audio_data/Сергей Кирсанов/свирепая справедливость,3ade2399b64fdbc64c0cb9298f6535e8a749b5d1de94e3a5b14fbd1a40373154
Юрий Заборовский,время любить,data/raw_audio_data/Юрий Заборовский/время любить,2712693f22791bc9acd6f470e9e85f2f715ad07479fab3a9ac6f75e93b1c6322
Юрий Заборовский,бегство земли,data/raw_audio_data/Юрий Заборовский/бегство земли,3c8901990761cc6667fdeab5bddf952119be96a8d80e0a428d1434b8380872a6
Евгений Терновский,испорченные дети,data/raw_audio_data/Евгений Терновский/испорченные дети,bdeaa7608523b61641a216e96f40d62d720714513ad812a675810c9c1641ef2a
Юрий Заборовский,львы эльдорадо,data/raw_audio_data/Юрий Заборовский/львы эльдорадо,1a29f61c453a4ef35306825bf3344e02b5445f03a5149c0cb90132814adf1289
Леонтина Броцкая,"путешествие гектора, или поиски счастья","data/raw_audio_data/Леонтина Броцкая/путешествие гектора, или поиски счастья",cdffd30aa7ca72ecb2768fd80c859f216526d879dfd385ad9ea4ab22a4dd53e7
Юрий Заборовский,робинзоны космоса,data/raw_audio_data/Юрий Заборовский/робинзоны космоса,207e290f3ae18e1743c26e25b6f4305499446d87e78cfcd2d5f927af0b9b5ccd
Вячеслав Герасимов,друг от друга,data/raw_audio_data/Вячеслав Герасимов/друг от друга,4f141470e273dbee2d07dc27d8e6d3d0a9a79c5c154bda380bd0c72c2b1afef4
Сергей Кирсанов,леопард охотится в темноте,data/raw_audio_data/Сергей Кирсанов/леопард охотится в темноте,309c3db88cc478ea1e738d8286e6eeb810e1569bc205fd56dbcb2d298426fd26
Сергей Кирсанов,99 франков,data/raw_audio_data/Сергей Кирсанов/99 франков,b838ebaab6bb68a32eef95dca12cb093c1d880d9b6400373b8e4b35cdc61fd3f
Николай Козий,любите ли вы брамса?,data/raw_audio_data/Николай Козий/любите ли вы брамса?,4adbbb757dc76663a67262b30fcb6eff759fa2a69093067cd0ce174f0357cdde
Ирина Ерисанова,идеаль,data/raw_audio_data/Ирина Ерисанова/идеаль,34dfbfc2a93b260435cbfdac8366f681d32b92d95422c7950bde07f025580c0a
Сергей Кирсанов,неправое дело,data/raw_audio_data/Сергей Кирсанов/неправое дело,6c663d22acc098aede9d2ba9b46814512ad8244555d067d509d1fc5158daf3af
Евгений Терновский,дорога в никуда,data/raw_audio_data/Евгений Терновский/дорога в никуда,d43b8534c53589bb77e052b0fc1988efd52c0e6cba52d80190d415eb54a589c0
Евгений Терновский,ущелье вверхтормашки,data/raw_audio_data/Евгений Терновский/ущелье вверхтормашки,096f03e242789a0ae7f8fe022527ae9b3d6de9eb6974eebae98cbaac11e03829
Ирина Ерисанова,искупление,data/raw_audio_data/Ирина Ерисанова/искупление,af11b2892429862b87fcacdb3a99c76f03b3ff9d2938a9ea722671ae1f8761f4
Вячеслав Герасимов,правосудие,data/raw_audio_data/Вячеслав Герасимов/правосудие,7b81d7ec4204528d474e56d5a3fa4d999d2bf2db56300b8528f6d0a692a2de00
Сергей Кирсанов,карта времени,data/raw_audio_data/Сергей Кирсанов/карта времени,544d65e03b7248c2f2b347748dbc5b64182da72ff0c13ac2e21fd76cb655f551
Николай Козий,ярмарка в сокольниках,data/raw_audio_data/Николай Козий/ярмарка в сокольниках,84320ccabecd86538e33f19a5ee4733385378d1e00ce07921ff1c5eda2f425e4
Вячеслав Герасимов,схватка за рим,data/raw_audio_data/Вячеслав Герасимов/схватка за рим,ec893a30c23b8b9df11123682bdbdd53a14fa47e9f937fec1062fcd6225b7972
Николай Козий,красная площадь,data/raw_audio_data/Николай Козий/красная площадь,0e5afce252a11c823caec72027c3b4da00fa6f2fa452a1ce7faaa2dc3162c36d
Сергей Кирсанов,восьмой грех,data/raw_audio_data/Сергей Кирсанов/восьмой грех,c9fe906838cc2bd0f93da31bf57bad490825fc03b5cffbc3488406fd5e6ed44b
Вячеслав Герасимов,бездна,data/raw_audio_data/Вячеслав Герасимов/бездна,d9483b5861e919f15ef49130bcf3feb4b74b1f1b7ec73fd11e3ae2fe2dc95a88
Вячеслав Герасимов,расщепление,data/raw_audio_data/Вячеслав Герасимов/расщепление,fdcac4afc6b4f54c455fafc25e5307138519a92a32f0e4cea4811fbab57731d1
Ирина Ерисанова,по эту сторону рая,data/raw_audio_data/Ирина Ерисанова/по эту сторону рая,2702cb9d073b844883d4f288a4cd4a3ad5861fefee37c846fef3783da8177dea
Татьяна Телегина,тысяча сияющих солнц,data/raw_audio_data/Татьяна Телегина/тысяча сияющих солнц,a0eb4dd1ae9c2996a221e22f503b21ed9db821d7b76bf1758a131a8f691e8404
Игорь Князев,возникновение замысла,data/raw_audio_data/Игорь Князев/возникновение замысла,2311b573e31021bbdab7eb3ab8d00837978625fef343023a7dd5b39e7d4ba78c
Евгений Терновский,беглец,data/raw_audio_data/Евгений Терновский/беглец,54d43faffd811e2d009e81c34ba0c56b02b1df96182bbed1c62fc489cbd14696
Юрий Заборовский,пинбол-1973,data/raw_audio_data/Юрий Заборовский/пинбол-1973,d2aaecd0f92a1779928385c9d09097b15d74addf7335dd37a4c19e2769e281ec
Сергей Чонишвили,мой любимый sputnik,data/raw_audio_data/Сергей Чонишвили/мой любимый sputnik,2a42322211c291c5f467468b5e45b8038aae8409ebcc1f4c11a9a3575646fb6d
Ирина Ерисанова,убить пересмешника,data/raw_audio_data/Ирина Ерисанова/убить пересмешника,93e295cb4fa4d8cd29e25fadf7a7af097a97085fe8df8601f4f29f8ee6be81a8
Леонтина Броцкая,токийские легенды,data/raw_audio_data/Леонтина Броцкая/токийские легенды,d3a89bcde69040675896e053f81527a73b6d40f6473f3e32ece9907f6e4f2d8e
Ирина Ерисанова,седьмой свиток,data/raw_audio_data/Ирина Ерисанова/седьмой свиток,bd7536c0cf479be75100a838c95b0d798e49b39f11bd51e690aa12303d0da6f6
Вячеслав Герасимов,охота на овец,data/raw_audio_data/Вячеслав Герасимов/охота на овец,f1b3ed79881aa21316448245dbd54ab0cd322f60b663cbfcb003b6f0a6a0cc0e
Сергей Кирсанов,"дэнс, дэнс, дэнс","data/raw_audio_data/Сергей Кирсанов/дэнс, дэнс, дэнс",b84d357abd7c677cd41797b3e3d809163b5ac5eac422d3f3eb19e5f215d15f92
Игорь Князев,ускользающая метафора,data/raw_audio_data/Игорь Князев/ускользающая метафора,8dc11cae5dc5664c7b47d4ea8da67b25f67bf991fa73eab5add3e63fbf9f8ed0
Ирина Ерисанова,неугомонный,data/raw_audio_data/Ирина Ерисанова/неугомонный,34a5554d3554b60f76931188e1f8f0e1e4d55a357e53e22467e693309cc00e29
Игорь Князев,страна чудес без тормозов и конец света,data/raw_audio_data/Ирина Ерисанова/страна чудес без тормозов и конец света,b2aeb42533b0b0eaff182ade0366dfcc5704b8f1c0f37afd104c90a0affb2a43
Ирина Ерисанова,страна чудес без тормозов и конец света,data/raw_audio_data/Ирина Ерисанова/страна чудес без тормозов и конец света,b2aeb42533b0b0eaff182ade0366dfcc5704b8f1c0f37afd104c90a0affb2a43
Ирина Ерисанова,на шаг сзади,data/raw_audio_data/Ирина Ерисанова/на шаг сзади,ef356d5f8bdd48da273aa6fbd2f2cd43e31fa5480321ff2547ea2ecca9873aa2
Семён Ващенко,белая кошка,data/raw_audio_data/Семён Ващенко/белая кошка,1fce6fa7b47fd1964c63211be4e6a8fffa0e6a863d414a5033a128455b9156e8
Надежда Винокурова,голливуд,data/raw_audio_data/Надежда Винокурова/голливуд,bd6d2c83469b88953597c0631df55c6de6db268cd128e450e196018b8c5f7f74
Сергей Кирсанов,макулатура,data/raw_audio_data/Сергей Кирсанов/макулатура,38b6d14a9dce164ae75a50196fe8e22b0d900514164730785bce69d50242d8a6
Николай Козий,город слухов,data/raw_audio_data/Николай Козий/город слухов,0a0ebfb504d36a282ed4bd96835af3d2b4374f3404bd383efd8e77dcbaf1344d
Семён Ващенко,чёрное сердце,data/raw_audio_data/Семён Ващенко/чёрное сердце,eb0938d54e8a5ea2b2ee6d570f0c65102ee9bf9076e191416322bd43a8c4bb12
Сергей Чонишвили,atomic heart. предыстория «предприятия 3826»,data/raw_audio_data/Сергей Чонишвили/atomic heart. предыстория «предприятия 3826»,fe95e2228a25452aa62f389bd333cfe59f0d8869705d9efca4d6c79ba1348044
Семён Ващенко,красная перчатка,data/raw_audio_data/Семён Ващенко/красная перчатка,55ab752de8a23911e1aaa691cdd70aef21d51f202473be34c2cd63a0c1579f58
Юрий Заборовский,сколько стоит миллиард,data/raw_audio_data/Юрий Заборовский/сколько стоит миллиард,24ff099cbd9d0f2eb8ef5e764dc2cec07fa1fe9d3fb45d81aa6f523da003cb3c
Николай Козий,верблюжий глаз,data/raw_audio_data/Николай Козий/верблюжий глаз,70387ddee1b86afe898201143590f189c74d5e83a65dd410476de1ad058bcacd
Игорь Князев,торговец пушками,data/raw_audio_data/Игорь Князев/торговец пушками,3e72163b7f35168d99584cd7acabfca7774e512ed4d6cd967005b71734161280
Вячеслав Герасимов,страж,data/raw_audio_data/Вячеслав Герасимов/страж,d9f98d9e2afdfa7219a34f4a418bf070086ea14aed2120587a171d60dfcb7247
Надежда Винокурова,учитель,data/raw_audio_data/Надежда Винокурова/учитель,8fdb769403917d25577a8936d26c62287fae8a8be6e03a4295bbdedc1aa66306
Ирина Ерисанова,способ убийства,data/raw_audio_data/Ирина Ерисанова/способ убийства,07a36f3155f7314c836c7d4174e20774e549f8881c443c27c06c714fcc29d2d7
Ирина Ерисанова,рэгтайм,data/raw_audio_data/Ирина Ерисанова/рэгтайм,d50d06b6bc432e0bcc1e38c4c246fd3c19efbdc6445b49fff4c6583e618d6048
Сергей Кирсанов,домой до темноты,data/raw_audio_data/Сергей Кирсанов/домой до темноты,8cb0ec3b0b63f9b9a162aa374e26a0b0d83bb609fb9a21d930de9be61baa99c1
Николай Козий,жена бродяги,data/raw_audio_data/Николай Козий/жена бродяги,94437cd6bc7f8e2493767eb5de54eb8bb9ff263a0ac120eec4854d96719d2bdd
Сергей Кирсанов,любимый ястреб дома аббаса,data/raw_audio_data/Сергей Кирсанов/любимый ястреб дома аббаса,ee4e634335f5aef836adbf45ff4f44735b420f3cbff3908281505521161d7bac
Николай Козий,мертвые глаза лондона,data/raw_audio_data/Николай Козий/мертвые глаза лондона,2f4c06fe500967ed7501de2b61c384f20d19479ff36142dfce726511bfe47b1f
Николай Козий,мелодия смерти,data/raw_audio_data/Николай Козий/мелодия смерти,fa984d6764ffdf584efc41686a4dd771391e032430190f8205f57a3ed04c98dd
Евгений Терновский,мелкий бес,data/raw_audio_data/Евгений Терновский/мелкий бес,44e75ad4e3dfd0424a23b3a6a243f96f59b3224fb04135984b2805107d6ff5a9
Ирина Воробьёва,дикая. опасное путешествие как способ обрести себя,data/raw_audio_data/Ирина Воробьёва/дикая. опасное путешествие как способ обрести себя,3e08262ff3709d16c38eb391b0d3ca32956deab99167456646a53980ee7f811b
Николай Козий,люди в крови,data/raw_audio_data/Николай Козий/люди в крови,2637d273e5f7efcb1611cf9991b83af53505ea4ee70961e123fb9729b6070efe
Вячеслав Герасимов,любимая мартышка дома тан,data/raw_audio_data/Вячеслав Герасимов/любимая мартышка дома тан,788fd4ff414ee1937fb3c33a658bff94cb388b4b23bf281f032337a0baefa988
Ирина Воробьёва,удивительное путешествие помпония флата,data/raw_audio_data/Ирина Воробьёва/удивительное путешествие помпония флата,77e2f80d43445b505e0bc3197eee800bb57ccb460e25b2eb742d9fd83b1cf54f
Ирина Воробьёва,дети железной дороги,data/raw_audio_data/Ирина Воробьёва/дети железной дороги,60f9d18e5b980d273578f76ccaa0dd2d106205f1feb87c98d92c57e14ea4c8cf
Ирина Воробьёва,под покровом ночи,data/raw_audio_data/Ирина Воробьёва/под покровом ночи,7eacd13f1a60bdc4447e222d88edb36873ceec0fb21c721030e407ba28a1b199
Николай Козий,журналист для брежнева или смертельные игры,data/raw_audio_data/Николай Козий/журналист для брежнева или смертельные игры,4d51703be0efde922c8ee39280297a4e4dcb951dac6eef148b52ce30808f3206
Евгений Терновский,приключения оливера твиста,data/raw_audio_data/Евгений Терновский/приключения оливера твиста,81eb4ebb73527efd7edf730963c523a9629e210a163ce830f2740ccac042118f
Леонтина Броцкая,великое избавление,data/raw_audio_data/Леонтина Броцкая/великое избавление,b6d757d0ccf282d59e7995972d31eecf4ff15a3bedb01aaab18a579da8e820de
Николай Козий,битва империи,data/raw_audio_data/Николай Козий/битва империи,2d7a490e198a14cc9bc8faa62d6959e13cb1af8b0562409c29bc1586713bbc8e
Юрий Заборовский,"пелэм, или приключения джентльмена","data/raw_audio_data/Юрий Заборовский/пелэм, или приключения джентльмена",c7668b6694dbc3a095c2a188a30eafc12ae485bc86b62ebd7e02c3f3e6a79e66
Леонтина Броцкая,картина без иосифа,data/raw_audio_data/Леонтина Броцкая/картина без иосифа,f7eb5ba99e6b73790b3f6a40c7b3ef846b2534635f3ab222c6f95006a874178b
Ирина Воробьёва,слишком много счастья,data/raw_audio_data/Ирина Воробьёва/слишком много счастья,0ec20637cfa2f4186118d70d0ae340ce7472eb621f6f0e7d4b775af6490915d8
Вячеслав Герасимов,застекленная деревня,data/raw_audio_data/Вячеслав Герасимов/застекленная деревня,d0b9226340cc5724e59a376bb9c098a38383358868ed2cb8be28c3d2ee1db244
Ирина Ерисанова,женщина в красном,data/raw_audio_data/Ирина Ерисанова/женщина в красном,0beb3e11775fe7478b4ee2589311009b06b34841924304e1224f542749dc9a70
Вячеслав Герасимов,расплата кровью,data/raw_audio_data/Вячеслав Герасимов/расплата кровью,11a1d3250072645abeff4b47d23aecfbdc63135477404f1ce260a8be4a36f950
Ирина Ерисанова,предсказание,data/raw_audio_data/Ирина Ерисанова/предсказание,9727a2f7334cd0dd2015c1182508dc7d6db4c33c1476c34a89f3233326504195
Ирина Ерисанова,без единого свидетеля,data/raw_audio_data/Ирина Ерисанова/без единого свидетеля,e1f74be073425849158d04fd2dd4117766491a1053552589b95b2cf58cc57e5f
Наталья Фролова,персик,data/raw_audio_data/Наталья Фролова/персик,51e9e6cd05f6c9f82d3531b0670f90390de9b5020e8d8ccdef55b3d5dcbd6a40
Юрий Заборовский,школа ужасов,data/raw_audio_data/Юрий Заборовский/школа ужасов,750f19497526f8b876580f8eb77d3283eb255769099abf1da83ab5485657180e
Вячеслав Герасимов,зубы дракона,data/raw_audio_data/Вячеслав Герасимов/зубы дракона,bd96b37b47c025956a86f5caad990914c84b9d3daace91b049cd5b2f88ec36dc
Юрий Заборовский,мафин и его веселые друзья,data/raw_audio_data/Юрий Заборовский/мафин и его веселые друзья,9905dc54985c0ebfdf8f3fa722faf61d1f354428be018cfd2ecc363fcfaaef31
Надежда Винокурова,меняя лица,data/raw_audio_data/Надежда Винокурова/меняя лица,df48e92d485591f51847c1c6ae391943518c0aa8e003e364f1476c7353e1c7d4
Сергей Кирсанов,часы тьмы,data/raw_audio_data/Сергей Кирсанов/часы тьмы,c5df9c67aa026ef718e91cad98f232a381d54b0117595fd95f7bc15a83a17c89
Игорь Князев,артемида,data/raw_audio_data/Игорь Князев/артемида,032a2b6e4ad0cf4b6b7126336bb5447c2c4ee5e2cb6db4dee23c0f6efa97971a
Юрий Заборовский,деньги,data/raw_audio_data/Юрий Заборовский/деньги,ad414c63e5befe40784955c004bb762941e20c28ab1b0b1cce9945187c379fdc
Вячеслав Герасимов,"муфта, полботинка и моховая борода","data/raw_audio_data/Вячеслав Герасимов/муфта, полботинка и моховая борода",91d08c5e6454ead765bd8b354607805b7c811b45c728e3f96cb0ac9fcadfc7fc
Николай Козий,эммануэль,data/raw_audio_data/Николай Козий/эммануэль,af55e8ca339422711b18e8af65aaa530caf0ca3be137c90a7e5334624c4f88e8
Наталья Фролова,гномобиль,data/raw_audio_data/Наталья Фролова/гномобиль,180ad986a13c556a2281114aa014778ee6173802902220ec99182dec8d0df7fe
Евгений Терновский,преступление в орсивале,data/raw_audio_data/Евгений Терновский/преступление в орсивале,242662839981410cfa1806f29e49354fef9b1f58a0f64fb690b4fb758acf8dbf
Игорь Князев,весь невидимый нам свет,data/raw_audio_data/Игорь Князев/весь невидимый нам свет,74f10d242929bddb633425032b14eed56ecbc95e5dab2fc66b686375b478913c
Евгений Терновский,в интересах государства,data/raw_audio_data/Евгений Терновский/в интересах государства,0517c954c34772b16a6ba7c77b416c9925849b6b2a47eed0eaabae8d2dbd113c
Юрий Заборовский,дело об отравленных шоколадках,data/raw_audio_data/Юрий Заборовский/дело об отравленных шоколадках,925921b7b8e7a1489486490be4105dc52effbb289ada5e8ce2c8659c9a29b605
Олег Шубин,гэм,data/raw_audio_data/Олег Шубин/гэм,2e36e902f3ada1a1a3b4701e93eea315153bda63b1871d74f257f12336397149
Олег Шубин,станция на горизонте,data/raw_audio_data/Олег Шубин/станция на горизонте,d50886ff33a6cad8a1942543ac2c51752eca856dca35c983c2f53a56fc4bdfd4
Алла Човжик,дом с волшебными окнами,data/raw_audio_data/Алла Човжик/дом с волшебными окнами,6a41dc09ef014cfd7f495a946fe7c00b6bb20723ea9e28ae6824edfbc2f74b33
Игорь Князев,дело о предубежденном попугае,data/raw_audio_data/Игорь Князев/дело о предубежденном попугае,74559c287ad3e0fe6ab0b54d4a02bef2dff6d8e6b42954eadd9731ebb7e2569a
Вячеслав Герасимов,дело о племяннице лунатика,data/raw_audio_data/Вячеслав Герасимов/дело о племяннице лунатика,8dfaf72029b00577472f5f6badb55c5fe3cd3bd5dc4c42cd69e220fadc0c55eb
Евгений Терновский,патриотизм,data/raw_audio_data/Евгений Терновский/патриотизм,0621d72c95dc4080c45dd8d1a95ca6bb9303989a4571cc13623b945596992a19
Алла Човжик,приключения маленького актера,data/raw_audio_data/Алла Човжик/приключения маленького актера,c8ddd450177cc6bc9d0fc1b4aff4631c5716b32d11d6b565aa1becd926c883e8
Вячеслав Герасимов,дело рисковой вдовы,data/raw_audio_data/Вячеслав Герасимов/дело рисковой вдовы,7d85c8d3c472fd7bd0bbdb0736b0a4af60da82a54efe2093535241fe80e328b5
Игорь Князев,дело о счастливых ножках,data/raw_audio_data/Игорь Князев/дело о счастливых ножках,4e63ddf72f4f58de9cc2e1bc319700ee3c1d1dbca552ddf3399c8a12bf0b4c27
Игорь Князев,ночной цирк,data/raw_audio_data/Игорь Князев/ночной цирк,25e84c978090f641003c5f9dfd9d16be3523e8142821ee5f277df836737c4673
Надежда Винокурова,"пощадить – погубить, или игры мужскими судьбами","data/raw_audio_data/Надежда Винокурова/пощадить – погубить, или игры мужскими судьбами",dfcc98abb223aba9a32e97832c31b8a477358efb3423a7cf8540c954e894611b
Ирина Ерисанова,преследование праведного грешника,data/raw_audio_data/Ирина Ерисанова/преследование праведного грешника,6e09c06d6c73f13a760b70bd7ffb1411e796e4aa0850245d10df5a0b357dfcf4
Николай Козий,горение. книга 2,data/raw_audio_data/Николай Козий/горение. книга 2,2ca0a8bcd654370abe866adfd15e02d842c40f60f7beecf9b229dc5c7327dcc4
Ирина Воробьёва,"сладости ада, или роман обманутой женщины","data/raw_audio_data/Ирина Воробьёва/сладости ада, или роман обманутой женщины",f30f527a14b579d5be068a0c074e13a004ed5ca9673274c1de2efeb070b55fdf
Вячеслав Герасимов,бега,data/raw_audio_data/Вячеслав Герасимов/бега,51c18b7bd0af485465f59a307ac4830ee1ae8f67fa632724db75908b6b588ac1
Дмитрий Хазанович  (Дим Димыч),армагеддон. зона 51,data/raw_audio_data/Дмитрий Хазанович  (Дим Димыч)/армагеддон. зона 51,c0197a611f20660f70328dd9f74af37c1bdc9e5f5a19044e7e2104729c2ba0d0
Сергей Кирсанов,не было печали,data/raw_audio_data/Сергей Кирсанов/не было печали,8e3e57815911889fc289157606d6b191749d0598bc5afbbad805ff18b31e92b4
Вячеслав Герасимов,подполковник медицинской службы,data/raw_audio_data/Вячеслав Герасимов/подполковник медицинской службы,15803670bd81a4599f4369aecaefc8fcaefcbc796d979f010cfe4d5c4d681bab
Александр Клюквин,суер-выер. пергамент,data/raw_audio_data/Александр Клюквин/суер-выер. пергамент,a35cf464738b6d045148771cc80fe55c80c636f967668de83e07a1b0a053408f
Сергей Ларионов,канонир,data/raw_audio_data/Сергей Ларионов/канонир,c2613b222dfb5e9c9d226f02e2223b4bc1fde4bbd704cf4bfe622025cdf07746
Наталья Фролова,чудачка,data/raw_audio_data/Наталья Фролова/чудачка,15f364a9fbd33b744811228620541616102421b1dea334af8215d049b8acb619
Сергей Ларионов,пушкарь,data/raw_audio_data/Сергей Ларионов/пушкарь,b62762e1769260878ff0962ae5d0690d267c68c86a48500fd54bb0c5864bfa4e
Дмитрий Хазанович  (Дим Димыч),армагеддон. подземелья смерти,data/raw_audio_data/Дмитрий Хазанович  (Дим Димыч)/армагеддон. подземелья смерти,ab6b6f92d313c0766065f48b2c4acab961856b6980082431f1509b16fc50f56a
Сергей Кирсанов,рыцарь,data/raw_audio_data/Сергей Кирсанов/рыцарь,d60192b22de052514450f22e7e3f0f1a39565659fa55b22a3afc74055511fef0
Олег Шубин,зима,data/raw_audio_data/Олег Шубин/зима,da13361a1fa0daa753169990edd6e9338ad259776e9408836c00a41360fdbfbe
Олег Шубин,кадавры,data/raw_audio_data/Олег Шубин/кадавры,c55258ab33ce9b1e59bad2b563cc44acc72b254f5201ca700a3af0a895208461
Олег Шубин,комета,data/raw_audio_data/Олег Шубин/комета,f3dd7efc593ba296bbfd8aff73b531ba8b252c35aa65210c1f0da89d751a34ce
Вячеслав Герасимов,танкист,data/raw_audio_data/Вячеслав Герасимов/танкист,620948b264712241d563389e303991adceed0e568769152cf0e3a0c3cf3330a0
Олег Шубин,человек-невидимка,data/raw_audio_data/Олег Шубин/человек-невидимка,d7fe79d43c8d49f971652b622c7098f8300a7a93aafbad943e847cb12a6256ac
Вячеслав Герасимов,книга прощания,data/raw_audio_data/Вячеслав Герасимов/книга прощания,88be61bf61106508eed2a4b04a6fb111f7dc62bf016ff63f98f3257f1a4e581d
Вячеслав Герасимов,опрокинутый дом,data/raw_audio_data/Вячеслав Герасимов/опрокинутый дом,29cedb9e5342f0ae18f3dd511aa6248c65d33c6834b25d66a60ad1b41e85ef65
Олег Шубин,год 2077-й,data/raw_audio_data/Олег Шубин/год 2077-й,62d776688723b3e370a2b44990bd54800a5d00dfefba090c93ba55407d54c802
Вячеслав Герасимов,опасайтесь лысых и усатых,data/raw_audio_data/Вячеслав Герасимов/опасайтесь лысых и усатых,734151a1249810d50f2bf5e45e8082f1e36360bbeba7d34bf0b5f3d072a1b891
Олег Шубин,солнце для всех!,data/raw_audio_data/Олег Шубин/солнце для всех!,970c025578db3fe13360e8c031aefdcc08252ae30866617568ca85448cd27e91
Вячеслав Герасимов,проситель,data/raw_audio_data/Вячеслав Герасимов/проситель,3786bcc7e9887c277e17ca900a338ba6fce57e8a1f6ecf548ba299075781a61e
Сергей Кирсанов,песнь крови,data/raw_audio_data/Сергей Кирсанов/песнь крови,f4a7be589713fe2aa7e7143b7473d1abcdae567b0c48b66c36c1fda84b42c991
Леонтина Броцкая,беатриче и вергилий,data/raw_audio_data/Леонтина Броцкая/беатриче и вергилий,8342ef2fadbc751911cddee7b5d00f6a0b284e4db41a6868684b170572798b90
Ирина Воробьёва,зачем нужны мужчины?,data/raw_audio_data/Ирина Воробьёва/зачем нужны мужчины?,c660f0b6d3329df731dd7a6e82e533224d1638d3b39489df6360cf3add7cda30
Александр Клюквин,басад,data/raw_audio_data/Александр Клюквин/басад,3c14c279dfd8b40ace4ac8999e4c28147da1309554b384de038095573f457e74
Надежда Винокурова,нетерпение,data/raw_audio_data/Надежда Винокурова/нетерпение,5d81af2f1c5536bdb6c5975709f39936ab1d90dc980624152de6f2c49b124178
Игорь Князев,носитель судьбы,data/raw_audio_data/Игорь Князев/носитель судьбы,91dfc24d658b102e60cf826b4f12c039bbb6f59fbbd8cdb5de4e447d158998af
Вячеслав Герасимов,смерть вазир-мухтара,data/raw_audio_data/Вячеслав Герасимов/смерть вазир-мухтара,27936df8a8f2afeccc032c0aeaf5d66153f0c78aeb3278090a806c62fbe64e42
Вячеслав Герасимов,снежная страна,data/raw_audio_data/Вячеслав Герасимов/снежная страна,063432c0e6be9c3d11ab901caa4e1c1510c4fd481c5cddeeccb1d0e2235375e6
Александр Клюквин,челленджер,data/raw_audio_data/Александр Клюквин/челленджер,2b37c2f127ba6ecc85944aa4cdd2058518ae1f5006ee46cdf82f309a687b1c9e
Татьяна Телегина,рассказы на ладони,data/raw_audio_data/Татьяна Телегина/рассказы на ладони,39863bbec7c1f7602c04c14681819e674b189cf4211c62d8c15fcaa79d3fe33b
Игорь Князев,ночной странник,data/raw_audio_data/Игорь Князев/ночной странник,d79e0a0ecfa322bb3c2cca3fc9450ee6fa318c798142102a40f89f52a4718616
Татьяна Телегина,старая столица,data/raw_audio_data/Татьяна Телегина/старая столица,950f291167a23dc6deab319825f1f96da7d28012e6b8680b9fbf3440805f2054
Николай Козий,один год,data/raw_audio_data/Николай Козий/один год,9a1ceccac18bd74a8a0d5b8f10fa5ae0c28f7565d89a6168d9570c362226615e
Игорь Князев,в сердце тьмы,data/raw_audio_data/Игорь Князев/в сердце тьмы,21b3476228f4ab0bbbe886317ff3e23c63bc3f3a615f39d2ba3e32ce4fbb58ca
Вячеслав Герасимов,студенты,data/raw_audio_data/Вячеслав Герасимов/студенты,a56b2e9f5e8360930c6bed0ec7ab12fa3f6d2d550694bd6ee4b242e58642c636
Игорь Князев,конец пути,data/raw_audio_data/Игорь Князев/конец пути,18a1f46a9637a071d2215b02dfbc7a357f9bcf01908f6166c709b8c98a37af1b
